source,task,case,subgroup,run,lower,upper,rows,weight,score,accuracy
FL,single_record_weighted,as_is,all,published,0.5,0.6,18166,18166.0,0.5449229289220711,0.6658592975889024
FL,single_record_weighted,as_is,all,published,0.6,0.7,7353,7353.0,0.6445807034379525,0.6873385012919897
FL,single_record_weighted,as_is,all,published,0.7,0.8,2130,2130.0,0.733554908171506,0.6427230046948357
FL,single_record_weighted,as_is,all,published,0.8,0.9,481,481.0,0.8425074575348852,0.6257796257796258
FL,single_record_weighted,as_is,all,published,0.9,1.0,10882,10882.0,0.9979505023958928,0.9105862892850579
FL,single_record_weighted,as_is,lookup_supported,published,0.5,0.6,17424,17424.0,0.5446931012077436,0.6723484848484849
FL,single_record_weighted,as_is,lookup_supported,published,0.6,0.7,6644,6644.0,0.6442819242104932,0.7117700180614088
FL,single_record_weighted,as_is,lookup_supported,published,0.7,0.8,1816,1816.0,0.732196026896065,0.6833700440528634
FL,single_record_weighted,as_is,lookup_supported,published,0.8,0.9,406,406.0,0.8433241528536886,0.6502463054187192
FL,single_record_weighted,as_is,lookup_supported,published,0.9,1.0,5349,5349.0,0.9968314827725383,0.8792297625724435
FL,single_record_weighted,as_is,lookup_unsupported,published,0.5,0.6,742,742.0,0.5503198535776523,0.5134770889487871
FL,single_record_weighted,as_is,lookup_unsupported,published,0.6,0.7,709,709.0,0.6473805471435085,0.45839210155148097
FL,single_record_weighted,as_is,lookup_unsupported,published,0.7,0.8,314,314.0,0.7414139158027188,0.40764331210191085
FL,single_record_weighted,as_is,lookup_unsupported,published,0.8,0.9,75,75.0,0.8380864135424296,0.49333333333333335
FL,single_record_weighted,as_is,lookup_unsupported,published,0.9,1.0,5533,5533.0,0.9990323090044818,0.9409000542201338
FL,single_record_weighted,as_is,model_seen,published,0.5,0.6,14494,14494.0,0.5442952908810967,0.675865875534704
FL,single_record_weighted,as_is,model_seen,published,0.6,0.7,5801,5801.0,0.6448212128901272,0.7617652128943285
FL,single_record_weighted,as_is,model_seen,published,0.7,0.8,1446,1446.0,0.7330990441112597,0.7925311203319502
FL,single_record_weighted,as_is,model_seen,published,0.8,0.9,324,324.0,0.8378690433355025,0.6203703703703703
FL,single_record_weighted,as_is,model_seen,published,0.9,1.0,3688,3688.0,0.9962536718801407,0.8584598698481561
FL,single_record_weighted,as_is,model_unseen,published,0.5,0.6,3672,3672.0,0.5474003215598385,0.6263616557734205
FL,single_record_weighted,as_is,model_unseen,published,0.6,0.7,1552,1552.0,0.6436817373734774,0.40914948453608246
FL,single_record_weighted,as_is,model_unseen,published,0.7,0.8,684,684.0,0.7345186207900968,0.3260233918128655
FL,single_record_weighted,as_is,model_unseen,published,0.8,0.9,157,157.0,0.8520797263285157,0.6369426751592356
FL,single_record_weighted,as_is,model_unseen,published,0.9,1.0,7194,7194.0,0.9988203815927365,0.9373088685015291
FL,single_record_weighted,as_is,all,fixed_inference,0.5,0.6,21093,21093.0,0.5442440194690945,0.7059688048167638
FL,single_record_weighted,as_is,all,fixed_inference,0.6,0.7,4794,4794.0,0.6388333119672689,0.8911138923654568
FL,single_record_weighted,as_is,all,fixed_inference,0.7,0.8,364,364.0,0.7211675404847323,0.8901098901098901
FL,single_record_weighted,as_is,all,fixed_inference,0.8,0.9,139,139.0,0.8285314813792277,0.9496402877697842
FL,single_record_weighted,as_is,all,fixed_inference,0.9,1.0,12622,12622.0,0.9996018131728256,0.9728252257962288
FL,single_record_weighted,as_is,lookup_supported,fixed_inference,0.5,0.6,20944,20944.0,0.5442384130786038,0.7057868601986249
FL,single_record_weighted,as_is,lookup_supported,fixed_inference,0.6,0.7,4671,4671.0,0.6388116443700796,0.8906015842432028
FL,single_record_weighted,as_is,lookup_supported,fixed_inference,0.7,0.8,352,352.0,0.7197727659209208,0.8948863636363636
FL,single_record_weighted,as_is,lookup_supported,fixed_inference,0.8,0.9,128,128.0,0.8268745373934507,0.9921875
FL,single_record_weighted,as_is,lookup_supported,fixed_inference,0.9,1.0,5544,5544.0,0.9992970138960242,0.959054834054834
FL,single_record_weighted,as_is,lookup_unsupported,fixed_inference,0.5,0.6,149,149.0,0.5450320747874727,0.7315436241610739
FL,single_record_weighted,as_is,lookup_unsupported,fixed_inference,0.6,0.7,123,123.0,0.6396561521824783,0.9105691056910569
FL,single_record_weighted,as_is,lookup_unsupported,fixed_inference,0.7,0.8,12,12.0,0.7620809276898702,0.75
FL,single_record_weighted,as_is,lookup_unsupported,fixed_inference,0.8,0.9,11,11.0,0.8478122841228138,0.45454545454545453
FL,single_record_weighted,as_is,lookup_unsupported,fixed_inference,0.9,1.0,7078,7078.0,0.9998405539457257,0.9836111896015823
FL,single_record_weighted,as_is,model_seen,fixed_inference,0.5,0.6,17151,17151.0,0.5435693633361055,0.7052066934872602
FL,single_record_weighted,as_is,model_seen,fixed_inference,0.6,0.7,4392,4392.0,0.6400005251494914,0.9141621129326047
FL,single_record_weighted,as_is,model_seen,fixed_inference,0.7,0.8,310,310.0,0.7200135611718701,0.9225806451612903
FL,single_record_weighted,as_is,model_seen,fixed_inference,0.8,0.9,120,120.0,0.8258222430944443,1.0
FL,single_record_weighted,as_is,model_seen,fixed_inference,0.9,1.0,3780,3780.0,0.9991369463936992,0.9542328042328042
FL,single_record_weighted,as_is,model_unseen,fixed_inference,0.5,0.6,3942,3942.0,0.5471793384282254,0.7092846270928462
FL,single_record_weighted,as_is,model_unseen,fixed_inference,0.6,0.7,402,402.0,0.6260810724241817,0.6393034825870647
FL,single_record_weighted,as_is,model_unseen,fixed_inference,0.7,0.8,54,54.0,0.7277922365400527,0.7037037037037037
FL,single_record_weighted,as_is,model_unseen,fixed_inference,0.8,0.9,19,19.0,0.8456424600199649,0.631578947368421
FL,single_record_weighted,as_is,model_unseen,fixed_inference,0.9,1.0,8842,8842.0,0.9998005460867702,0.9807735806378647
FL,single_record_weighted,as_is,all,retrained,0.5,0.6,2002,2002.0,0.5451186918295347,0.550949050949051
FL,single_record_weighted,as_is,all,retrained,0.6,0.7,1579,1579.0,0.6490615929056377,0.6048131728942369
FL,single_record_weighted,as_is,all,retrained,0.7,0.8,3716,3716.0,0.7632552031648172,0.4927341227125942
FL,single_record_weighted,as_is,all,retrained,0.8,0.9,5054,5054.0,0.8551487705549045,0.7516818361693708
FL,single_record_weighted,as_is,all,retrained,0.9,1.0,26661,26661.0,0.9743831581518712,0.9465136341472563
FL,single_record_weighted,as_is,lookup_supported,retrained,0.5,0.6,1701,1701.0,0.5442821039023783,0.5567313345091123
FL,single_record_weighted,as_is,lookup_supported,retrained,0.6,0.7,1290,1290.0,0.6476899162281391,0.5930232558139535
FL,single_record_weighted,as_is,lookup_supported,retrained,0.7,0.8,3224,3224.0,0.7646419758129652,0.4531637717121588
FL,single_record_weighted,as_is,lookup_supported,retrained,0.8,0.9,4120,4120.0,0.855045890851507,0.7233009708737864
FL,single_record_weighted,as_is,lookup_supported,retrained,0.9,1.0,21304,21304.0,0.9752464620239117,0.9411378144949305
FL,single_record_weighted,as_is,lookup_unsupported,retrained,0.5,0.6,301,301.0,0.5498463863946275,0.5182724252491694
FL,single_record_weighted,as_is,lookup_unsupported,retrained,0.6,0.7,289,289.0,0.6551843019505273,0.657439446366782
FL,single_record_weighted,as_is,lookup_unsupported,retrained,0.7,0.8,492,492.0,0.7541678962184162,0.7520325203252033
FL,single_record_weighted,as_is,lookup_unsupported,retrained,0.8,0.9,934,934.0,0.8556025868054375,0.8768736616702355
FL,single_record_weighted,as_is,lookup_unsupported,retrained,0.9,1.0,5357,5357.0,0.9709499258035507,0.9678924771327235
FL,single_record_weighted,as_is,model_seen,retrained,0.5,0.6,1274,1274.0,0.5434992013022514,0.6624803767660911
FL,single_record_weighted,as_is,model_seen,retrained,0.6,0.7,906,906.0,0.6448046811763813,0.5551876379690949
FL,single_record_weighted,as_is,model_seen,retrained,0.7,0.8,2819,2819.0,0.7655836035275806,0.4093650230578219
FL,single_record_weighted,as_is,model_seen,retrained,0.8,0.9,3177,3177.0,0.8530777012697736,0.6883852691218131
FL,single_record_weighted,as_is,model_seen,retrained,0.9,1.0,17577,17577.0,0.9766550199797097,0.939637025658531
FL,single_record_weighted,as_is,model_unseen,retrained,0.5,0.6,728,728.0,0.5479528002522804,0.3557692307692308
FL,single_record_weighted,as_is,model_unseen,retrained,0.6,0.7,673,673.0,0.6547922942826157,0.6716196136701337
FL,single_record_weighted,as_is,model_unseen,retrained,0.7,0.8,897,897.0,0.7559377442767123,0.7547380156075808
FL,single_record_weighted,as_is,model_unseen,retrained,0.8,0.9,1877,1877.0,0.8586542511723051,0.8588172615876398
FL,single_record_weighted,as_is,model_unseen,retrained,0.9,1.0,9084,9084.0,0.9699872405662352,0.9598194627917217
FL,single_record_weighted,as_is,all,frequency,0.5,0.6,7800,7800.0,0.5136155155065281,0.09333333333333334
FL,single_record_weighted,as_is,all,frequency,0.6,0.7,494,494.0,0.6518684343868114,0.7510121457489879
FL,single_record_weighted,as_is,all,frequency,0.7,0.8,647,647.0,0.7569975591281961,0.723338485316847
FL,single_record_weighted,as_is,all,frequency,0.8,0.9,1299,1299.0,0.8588738300158376,0.8991531947652041
FL,single_record_weighted,as_is,all,frequency,0.9,1.0,28772,28772.0,0.9942741973274216,0.5719101904629501
FL,single_record_weighted,as_is,lookup_supported,frequency,0.5,0.6,427,427.0,0.5621658823773735,0.702576112412178
FL,single_record_weighted,as_is,lookup_supported,frequency,0.6,0.7,494,494.0,0.6518684343868114,0.7510121457489879
FL,single_record_weighted,as_is,lookup_supported,frequency,0.7,0.8,647,647.0,0.7569975591281961,0.723338485316847
FL,single_record_weighted,as_is,lookup_supported,frequency,0.8,0.9,1299,1299.0,0.8588738300158376,0.8991531947652041
FL,single_record_weighted,as_is,lookup_supported,frequency,0.9,1.0,28772,28772.0,0.9942741973274216,0.5719101904629501
FL,single_record_weighted,as_is,lookup_unsupported,frequency,0.5,0.6,7373,7373.0,0.5108037690459487,0.05804964058049641
FL,single_record_weighted,as_is,model_seen,frequency,0.5,0.6,405,405.0,0.5630463872722622,0.7185185185185186
FL,single_record_weighted,as_is,model_seen,frequency,0.6,0.7,470,470.0,0.6523835887539683,0.7638297872340426
FL,single_record_weighted,as_is,model_seen,frequency,0.7,0.8,621,621.0,0.7574199066346671,0.7294685990338164
FL,single_record_weighted,as_is,model_seen,frequency,0.8,0.9,1268,1268.0,0.8593875875342044,0.9069400630914827
FL,single_record_weighted,as_is,model_seen,frequency,0.9,1.0,22989,22989.0,0.9929282084281688,0.6855452607768933
FL,single_record_weighted,as_is,model_unseen,frequency,0.5,0.6,7395,7395.0,0.5109083480873092,0.05909398242055443
FL,single_record_weighted,as_is,model_unseen,frequency,0.6,0.7,24,24.0,0.6417799946966614,0.5
FL,single_record_weighted,as_is,model_unseen,frequency,0.7,0.8,26,26.0,0.7469099513774877,0.5769230769230769
FL,single_record_weighted,as_is,model_unseen,frequency,0.8,0.9,31,31.0,0.8378594902323175,0.5806451612903226
FL,single_record_weighted,as_is,model_unseen,frequency,0.9,1.0,5783,5783.0,0.9996248697820168,0.12017983745460833
FL,single_record_weighted,as_is,all,majority,0.5,0.6,39012,39012.0,0.5108696907518123,0.5099456577463345
FL,single_record_weighted,as_is,lookup_supported,majority,0.5,0.6,31639,31639.0,0.5108696907518124,0.6152533265906002
FL,single_record_weighted,as_is,lookup_unsupported,majority,0.5,0.6,7373,7373.0,0.5108696907518124,0.05804964058049641
FL,single_record_weighted,as_is,model_seen,majority,0.5,0.6,25753,25753.0,0.5108696907518124,0.7239156603114201
FL,single_record_weighted,as_is,model_unseen,majority,0.5,0.6,13259,13259.0,0.5108696907518124,0.09435100686326268
FL,single_record_weighted,lowercased,all,published,0.5,0.6,951,951.0,0.5429673289525647,0.4395373291272345
FL,single_record_weighted,lowercased,all,published,0.6,0.7,518,518.0,0.6499327390120296,0.4343629343629344
FL,single_record_weighted,lowercased,all,published,0.7,0.8,242,242.0,0.7719207056297743,0.5991735537190083
FL,single_record_weighted,lowercased,all,published,0.8,0.9,278,278.0,0.8610538066291124,0.4748201438848921
FL,single_record_weighted,lowercased,all,published,0.9,1.0,37023,37023.0,0.9989926259943273,0.8016368203549145
FL,single_record_weighted,lowercased,lookup_supported,published,0.5,0.6,882,882.0,0.5432828510023839,0.4365079365079365
FL,single_record_weighted,lowercased,lookup_supported,published,0.6,0.7,474,474.0,0.6492259004448033,0.41561181434599154
FL,single_record_weighted,lowercased,lookup_supported,published,0.7,0.8,212,212.0,0.7760999866251675,0.5943396226415094
FL,single_record_weighted,lowercased,lookup_supported,published,0.8,0.9,234,234.0,0.8651299252469316,0.44017094017094016
FL,single_record_weighted,lowercased,lookup_supported,published,0.9,1.0,29837,29837.0,0.9989625872465994,0.7795689915205952
FL,single_record_weighted,lowercased,lookup_unsupported,published,0.5,0.6,69,69.0,0.538934134054875,0.4782608695652174
FL,single_record_weighted,lowercased,lookup_unsupported,published,0.6,0.7,44,44.0,0.6575473181226037,0.6363636363636364
FL,single_record_weighted,lowercased,lookup_unsupported,published,0.7,0.8,30,30.0,0.7423871199289958,0.6333333333333333
FL,single_record_weighted,lowercased,lookup_unsupported,published,0.8,0.9,44,44.0,0.8393762667070735,0.6590909090909091
FL,single_record_weighted,lowercased,lookup_unsupported,published,0.9,1.0,7186,7186.0,0.9991173499180618,0.8932646813247982
FL,single_record_weighted,lowercased,model_seen,published,0.5,0.6,778,778.0,0.5438569471584801,0.45115681233933164
FL,single_record_weighted,lowercased,model_seen,published,0.6,0.7,458,458.0,0.6493927209137829,0.4104803493449782
FL,single_record_weighted,lowercased,model_seen,published,0.7,0.8,197,197.0,0.778675488409052,0.6040609137055838
FL,single_record_weighted,lowercased,model_seen,published,0.8,0.9,208,208.0,0.8643020838499069,0.4230769230769231
FL,single_record_weighted,lowercased,model_seen,published,0.9,1.0,24112,24112.0,0.9989255240264917,0.760036496350365
FL,single_record_weighted,lowercased,model_unseen,published,0.5,0.6,173,173.0,0.5389666181768296,0.3872832369942196
FL,single_record_weighted,lowercased,model_unseen,published,0.6,0.7,60,60.0,0.6540548771619796,0.6166666666666667
FL,single_record_weighted,lowercased,model_unseen,published,0.7,0.8,45,45.0,0.7423497676849365,0.5777777777777777
FL,single_record_weighted,lowercased,model_unseen,published,0.8,0.9,70,70.0,0.8514017828873226,0.6285714285714286
FL,single_record_weighted,lowercased,model_unseen,published,0.9,1.0,12911,12911.0,0.9991179425963295,0.8793277050577027
FL,single_record_weighted,lowercased,all,fixed_inference,0.5,0.6,21093,21093.0,0.5442440194690945,0.7059688048167638
FL,single_record_weighted,lowercased,all,fixed_inference,0.6,0.7,4794,4794.0,0.6388333119672689,0.8911138923654568
FL,single_record_weighted,lowercased,all,fixed_inference,0.7,0.8,364,364.0,0.7211675404847323,0.8901098901098901
FL,single_record_weighted,lowercased,all,fixed_inference,0.8,0.9,139,139.0,0.8285314813792277,0.9496402877697842
FL,single_record_weighted,lowercased,all,fixed_inference,0.9,1.0,12622,12622.0,0.9996018131728256,0.9728252257962288
FL,single_record_weighted,lowercased,lookup_supported,fixed_inference,0.5,0.6,20944,20944.0,0.5442384130786038,0.7057868601986249
FL,single_record_weighted,lowercased,lookup_supported,fixed_inference,0.6,0.7,4671,4671.0,0.6388116443700796,0.8906015842432028
FL,single_record_weighted,lowercased,lookup_supported,fixed_inference,0.7,0.8,352,352.0,0.7197727659209208,0.8948863636363636
FL,single_record_weighted,lowercased,lookup_supported,fixed_inference,0.8,0.9,128,128.0,0.8268745373934507,0.9921875
FL,single_record_weighted,lowercased,lookup_supported,fixed_inference,0.9,1.0,5544,5544.0,0.9992970138960242,0.959054834054834
FL,single_record_weighted,lowercased,lookup_unsupported,fixed_inference,0.5,0.6,149,149.0,0.5450320747874727,0.7315436241610739
FL,single_record_weighted,lowercased,lookup_unsupported,fixed_inference,0.6,0.7,123,123.0,0.6396561521824783,0.9105691056910569
FL,single_record_weighted,lowercased,lookup_unsupported,fixed_inference,0.7,0.8,12,12.0,0.7620809276898702,0.75
FL,single_record_weighted,lowercased,lookup_unsupported,fixed_inference,0.8,0.9,11,11.0,0.8478122841228138,0.45454545454545453
FL,single_record_weighted,lowercased,lookup_unsupported,fixed_inference,0.9,1.0,7078,7078.0,0.9998405539457257,0.9836111896015823
FL,single_record_weighted,lowercased,model_seen,fixed_inference,0.5,0.6,17151,17151.0,0.5435693633361055,0.7052066934872602
FL,single_record_weighted,lowercased,model_seen,fixed_inference,0.6,0.7,4392,4392.0,0.6400005251494914,0.9141621129326047
FL,single_record_weighted,lowercased,model_seen,fixed_inference,0.7,0.8,310,310.0,0.7200135611718701,0.9225806451612903
FL,single_record_weighted,lowercased,model_seen,fixed_inference,0.8,0.9,120,120.0,0.8258222430944443,1.0
FL,single_record_weighted,lowercased,model_seen,fixed_inference,0.9,1.0,3780,3780.0,0.9991369463936992,0.9542328042328042
FL,single_record_weighted,lowercased,model_unseen,fixed_inference,0.5,0.6,3942,3942.0,0.5471793384282254,0.7092846270928462
FL,single_record_weighted,lowercased,model_unseen,fixed_inference,0.6,0.7,402,402.0,0.6260810724241817,0.6393034825870647
FL,single_record_weighted,lowercased,model_unseen,fixed_inference,0.7,0.8,54,54.0,0.7277922365400527,0.7037037037037037
FL,single_record_weighted,lowercased,model_unseen,fixed_inference,0.8,0.9,19,19.0,0.8456424600199649,0.631578947368421
FL,single_record_weighted,lowercased,model_unseen,fixed_inference,0.9,1.0,8842,8842.0,0.9998005460867702,0.9807735806378647
FL,single_record_weighted,lowercased,all,retrained,0.5,0.6,2002,2002.0,0.5451186918295347,0.550949050949051
FL,single_record_weighted,lowercased,all,retrained,0.6,0.7,1579,1579.0,0.6490615929056377,0.6048131728942369
FL,single_record_weighted,lowercased,all,retrained,0.7,0.8,3716,3716.0,0.7632552031648172,0.4927341227125942
FL,single_record_weighted,lowercased,all,retrained,0.8,0.9,5054,5054.0,0.8551487705549045,0.7516818361693708
FL,single_record_weighted,lowercased,all,retrained,0.9,1.0,26661,26661.0,0.9743831581518712,0.9465136341472563
FL,single_record_weighted,lowercased,lookup_supported,retrained,0.5,0.6,1701,1701.0,0.5442821039023783,0.5567313345091123
FL,single_record_weighted,lowercased,lookup_supported,retrained,0.6,0.7,1290,1290.0,0.6476899162281391,0.5930232558139535
FL,single_record_weighted,lowercased,lookup_supported,retrained,0.7,0.8,3224,3224.0,0.7646419758129652,0.4531637717121588
FL,single_record_weighted,lowercased,lookup_supported,retrained,0.8,0.9,4120,4120.0,0.855045890851507,0.7233009708737864
FL,single_record_weighted,lowercased,lookup_supported,retrained,0.9,1.0,21304,21304.0,0.9752464620239117,0.9411378144949305
FL,single_record_weighted,lowercased,lookup_unsupported,retrained,0.5,0.6,301,301.0,0.5498463863946275,0.5182724252491694
FL,single_record_weighted,lowercased,lookup_unsupported,retrained,0.6,0.7,289,289.0,0.6551843019505273,0.657439446366782
FL,single_record_weighted,lowercased,lookup_unsupported,retrained,0.7,0.8,492,492.0,0.7541678962184162,0.7520325203252033
FL,single_record_weighted,lowercased,lookup_unsupported,retrained,0.8,0.9,934,934.0,0.8556025868054375,0.8768736616702355
FL,single_record_weighted,lowercased,lookup_unsupported,retrained,0.9,1.0,5357,5357.0,0.9709499258035507,0.9678924771327235
FL,single_record_weighted,lowercased,model_seen,retrained,0.5,0.6,1274,1274.0,0.5434992013022514,0.6624803767660911
FL,single_record_weighted,lowercased,model_seen,retrained,0.6,0.7,906,906.0,0.6448046811763813,0.5551876379690949
FL,single_record_weighted,lowercased,model_seen,retrained,0.7,0.8,2819,2819.0,0.7655836035275806,0.4093650230578219
FL,single_record_weighted,lowercased,model_seen,retrained,0.8,0.9,3177,3177.0,0.8530777012697736,0.6883852691218131
FL,single_record_weighted,lowercased,model_seen,retrained,0.9,1.0,17577,17577.0,0.9766550199797097,0.939637025658531
FL,single_record_weighted,lowercased,model_unseen,retrained,0.5,0.6,728,728.0,0.5479528002522804,0.3557692307692308
FL,single_record_weighted,lowercased,model_unseen,retrained,0.6,0.7,673,673.0,0.6547922942826157,0.6716196136701337
FL,single_record_weighted,lowercased,model_unseen,retrained,0.7,0.8,897,897.0,0.7559377442767123,0.7547380156075808
FL,single_record_weighted,lowercased,model_unseen,retrained,0.8,0.9,1877,1877.0,0.8586542511723051,0.8588172615876398
FL,single_record_weighted,lowercased,model_unseen,retrained,0.9,1.0,9084,9084.0,0.9699872405662352,0.9598194627917217
FL,single_record_weighted,lowercased,all,frequency,0.5,0.6,7800,7800.0,0.5136155155065281,0.09333333333333334
FL,single_record_weighted,lowercased,all,frequency,0.6,0.7,494,494.0,0.6518684343868114,0.7510121457489879
FL,single_record_weighted,lowercased,all,frequency,0.7,0.8,647,647.0,0.7569975591281961,0.723338485316847
FL,single_record_weighted,lowercased,all,frequency,0.8,0.9,1299,1299.0,0.8588738300158376,0.8991531947652041
FL,single_record_weighted,lowercased,all,frequency,0.9,1.0,28772,28772.0,0.9942741973274216,0.5719101904629501
FL,single_record_weighted,lowercased,lookup_supported,frequency,0.5,0.6,427,427.0,0.5621658823773735,0.702576112412178
FL,single_record_weighted,lowercased,lookup_supported,frequency,0.6,0.7,494,494.0,0.6518684343868114,0.7510121457489879
FL,single_record_weighted,lowercased,lookup_supported,frequency,0.7,0.8,647,647.0,0.7569975591281961,0.723338485316847
FL,single_record_weighted,lowercased,lookup_supported,frequency,0.8,0.9,1299,1299.0,0.8588738300158376,0.8991531947652041
FL,single_record_weighted,lowercased,lookup_supported,frequency,0.9,1.0,28772,28772.0,0.9942741973274216,0.5719101904629501
FL,single_record_weighted,lowercased,lookup_unsupported,frequency,0.5,0.6,7373,7373.0,0.5108037690459487,0.05804964058049641
FL,single_record_weighted,lowercased,model_seen,frequency,0.5,0.6,405,405.0,0.5630463872722622,0.7185185185185186
FL,single_record_weighted,lowercased,model_seen,frequency,0.6,0.7,470,470.0,0.6523835887539683,0.7638297872340426
FL,single_record_weighted,lowercased,model_seen,frequency,0.7,0.8,621,621.0,0.7574199066346671,0.7294685990338164
FL,single_record_weighted,lowercased,model_seen,frequency,0.8,0.9,1268,1268.0,0.8593875875342044,0.9069400630914827
FL,single_record_weighted,lowercased,model_seen,frequency,0.9,1.0,22989,22989.0,0.9929282084281688,0.6855452607768933
FL,single_record_weighted,lowercased,model_unseen,frequency,0.5,0.6,7395,7395.0,0.5109083480873092,0.05909398242055443
FL,single_record_weighted,lowercased,model_unseen,frequency,0.6,0.7,24,24.0,0.6417799946966614,0.5
FL,single_record_weighted,lowercased,model_unseen,frequency,0.7,0.8,26,26.0,0.7469099513774877,0.5769230769230769
FL,single_record_weighted,lowercased,model_unseen,frequency,0.8,0.9,31,31.0,0.8378594902323175,0.5806451612903226
FL,single_record_weighted,lowercased,model_unseen,frequency,0.9,1.0,5783,5783.0,0.9996248697820168,0.12017983745460833
FL,single_record_weighted,lowercased,all,majority,0.5,0.6,39012,39012.0,0.5108696907518123,0.5099456577463345
FL,single_record_weighted,lowercased,lookup_supported,majority,0.5,0.6,31639,31639.0,0.5108696907518124,0.6152533265906002
FL,single_record_weighted,lowercased,lookup_unsupported,majority,0.5,0.6,7373,7373.0,0.5108696907518124,0.05804964058049641
FL,single_record_weighted,lowercased,model_seen,majority,0.5,0.6,25753,25753.0,0.5108696907518124,0.7239156603114201
FL,single_record_weighted,lowercased,model_unseen,majority,0.5,0.6,13259,13259.0,0.5108696907518124,0.09435100686326268
FL,single_distinct_name,as_is,all,published,0.5,0.6,2651,2607.1724368839086,0.5457138773338157,0.6122264492600288
FL,single_distinct_name,as_is,all,published,0.6,0.7,1263,1249.2125348675036,0.6436628108804766,0.6944759660953911
FL,single_distinct_name,as_is,all,published,0.7,0.8,413,409.93502824858757,0.7378259236753594,0.6305105535533397
FL,single_distinct_name,as_is,all,published,0.8,0.9,82,81.0,0.8420587366009936,0.5433914306463327
FL,single_distinct_name,as_is,all,published,0.9,1.0,5007,5002.68,0.9990174659166329,0.9305290960536381
FL,single_distinct_name,as_is,lookup_supported,published,0.5,0.6,2273,2229.1724368839086,0.5452387342741704,0.627219276762871
FL,single_distinct_name,as_is,lookup_supported,published,0.6,0.7,918,904.2125348675036,0.64212355210379,0.7813960266698959
FL,single_distinct_name,as_is,lookup_supported,published,0.7,0.8,254,250.93502824858757,0.735054109504247,0.7550494759712263
FL,single_distinct_name,as_is,lookup_supported,published,0.8,0.9,36,35.0,0.8435340591839382,0.657563025210084
FL,single_distinct_name,as_is,lookup_supported,published,0.9,1.0,1775,1770.68,0.9988313969473369,0.9211937211950291
FL,single_distinct_name,as_is,lookup_unsupported,published,0.5,0.6,378,378.0,0.5485159297468801,0.5238095238095238
FL,single_distinct_name,as_is,lookup_unsupported,published,0.6,0.7,345,345.0,0.6476970632870992,0.4666666666666667
FL,single_distinct_name,as_is,lookup_unsupported,published,0.7,0.8,159,159.0,0.7422004222120129,0.4339622641509434
FL,single_distinct_name,as_is,lookup_unsupported,published,0.8,0.9,46,46.0,0.8409362085487532,0.45652173913043476
FL,single_distinct_name,as_is,lookup_unsupported,published,0.9,1.0,3232,3232.0,0.999119405459502,0.9356435643564357
FL,single_distinct_name,as_is,model_seen,published,0.5,0.6,1690,1648.1724368839089,0.5451167826664687,0.6326279340124012
FL,single_distinct_name,as_is,model_seen,published,0.6,0.7,724,710.2125348675036,0.641330524226521,0.8357330416891524
FL,single_distinct_name,as_is,model_seen,published,0.7,0.8,174,170.93502824858757,0.7349922865758726,0.8334649898365586
FL,single_distinct_name,as_is,model_seen,published,0.8,0.9,22,21.0,0.8475317727951777,0.5245098039215687
FL,single_distinct_name,as_is,model_seen,published,0.9,1.0,1128,1123.6799999999998,0.9990868289546124,0.9247644331532235
FL,single_distinct_name,as_is,model_unseen,published,0.5,0.6,961,959.0,0.5467400660438589,0.5771637122002086
FL,single_distinct_name,as_is,model_unseen,published,0.6,0.7,539,539.0,0.646735944862932,0.5083487940630798
FL,single_distinct_name,as_is,model_unseen,published,0.7,0.8,239,239.0,0.7398525673475226,0.48535564853556484
FL,single_distinct_name,as_is,model_unseen,published,0.8,0.9,60,60.0,0.8401431739330292,0.55
FL,single_distinct_name,as_is,model_unseen,published,0.9,1.0,3879,3879.0,0.9989973726300856,0.9321990203660737
FL,single_distinct_name,as_is,all,fixed_inference,0.5,0.6,2539,2489.0,0.5443695867909347,0.629582179721585
FL,single_distinct_name,as_is,all,fixed_inference,0.6,0.7,633,621.0,0.6334191317911502,0.8126953572008823
FL,single_distinct_name,as_is,all,fixed_inference,0.7,0.8,57,57.0,0.7324716950717726,0.7719298245614035
FL,single_distinct_name,as_is,all,fixed_inference,0.8,0.9,19,19.0,0.8480827180962813,0.7368421052631579
FL,single_distinct_name,as_is,all,fixed_inference,0.9,1.0,6168,6164.0,0.9996351406490702,0.967141352732903
FL,single_distinct_name,as_is,lookup_supported,fixed_inference,0.5,0.6,2447,2397.0,0.5443710693976856,0.6295494557058928
FL,single_distinct_name,as_is,lookup_supported,fixed_inference,0.6,0.7,600,588.0,0.6331819876724359,0.8174894843907277
FL,single_distinct_name,as_is,lookup_supported,fixed_inference,0.7,0.8,48,48.0,0.7292630287508169,0.7916666666666666
FL,single_distinct_name,as_is,lookup_supported,fixed_inference,0.8,0.9,10,10.0,0.8490827798843383,0.9
FL,single_distinct_name,as_is,lookup_supported,fixed_inference,0.9,1.0,2151,2147.0,0.9994303645174838,0.9587607350934393
FL,single_distinct_name,as_is,lookup_unsupported,fixed_inference,0.5,0.6,92,92.0,0.5443309584389562,0.6304347826086957
FL,single_distinct_name,as_is,lookup_unsupported,fixed_inference,0.6,0.7,33,33.0,0.6376446088155111,0.7272727272727273
FL,single_distinct_name,as_is,lookup_unsupported,fixed_inference,0.7,0.8,9,9.0,0.7495845821168687,0.6666666666666666
FL,single_distinct_name,as_is,lookup_unsupported,fixed_inference,0.8,0.9,9,9.0,0.8469715383317735,0.5555555555555556
FL,single_distinct_name,as_is,lookup_unsupported,fixed_inference,0.9,1.0,4017,4017.0,0.9997445890818599,0.9716206123973115
FL,single_distinct_name,as_is,model_seen,fixed_inference,0.5,0.6,1848,1800.0,0.5442613433798155,0.6301092844409398
FL,single_distinct_name,as_is,model_seen,fixed_inference,0.6,0.7,512,500.0,0.6337862788438797,0.8453676336434958
FL,single_distinct_name,as_is,model_seen,fixed_inference,0.7,0.8,38,38.0,0.7280334908711282,0.868421052631579
FL,single_distinct_name,as_is,model_seen,fixed_inference,0.8,0.9,3,3.0,0.8510442972183228,1.0
FL,single_distinct_name,as_is,model_seen,fixed_inference,0.9,1.0,1337,1333.0,0.9994956303250941,0.9658359326673773
FL,single_distinct_name,as_is,model_unseen,fixed_inference,0.5,0.6,691,689.0,0.5446523707387063,0.6282051282051282
FL,single_distinct_name,as_is,model_unseen,fixed_inference,0.6,0.7,121,121.0,0.631901995209623,0.6776859504132231
FL,single_distinct_name,as_is,model_unseen,fixed_inference,0.7,0.8,19,19.0,0.741348103473061,0.5789473684210527
FL,single_distinct_name,as_is,model_unseen,fixed_inference,0.8,0.9,16,16.0,0.8475274220108986,0.6875
FL,single_distinct_name,as_is,model_unseen,fixed_inference,0.9,1.0,4831,4831.0,0.9996736352178676,0.9675015524736079
FL,single_distinct_name,as_is,all,retrained,0.5,0.6,667,659.0,0.5503548109658029,0.533164012412922
FL,single_distinct_name,as_is,all,retrained,0.6,0.7,681,673.0,0.6522979136739053,0.6017851798290571
FL,single_distinct_name,as_is,all,retrained,0.7,0.8,916,905.0,0.7517444738366986,0.6697444347562318
FL,single_distinct_name,as_is,all,retrained,0.8,0.9,1463,1454.0,0.855667488611056,0.7403628479704498
FL,single_distinct_name,as_is,all,retrained,0.9,1.0,5689,5659.0,0.9706438999859388,0.9165409219707112
FL,single_distinct_name,as_is,lookup_supported,retrained,0.5,0.6,471,463.0,0.551083244463795,0.5385638967173122
FL,single_distinct_name,as_is,lookup_supported,retrained,0.6,0.7,458,450.0,0.65177923573388,0.5733365022776787
FL,single_distinct_name,as_is,lookup_supported,retrained,0.7,0.8,608,597.0,0.7519527283345834,0.6467650141614569
FL,single_distinct_name,as_is,lookup_supported,retrained,0.8,0.9,898,889.0,0.8546485077543655,0.6788386737334466
FL,single_distinct_name,as_is,lookup_supported,retrained,0.9,1.0,2821,2791.0,0.9691842349572491,0.8762827221183288
FL,single_distinct_name,as_is,lookup_unsupported,retrained,0.5,0.6,196,196.0,0.5486340726516685,0.5204081632653061
FL,single_distinct_name,as_is,lookup_unsupported,retrained,0.6,0.7,223,223.0,0.653344573194136,0.6591928251121076
FL,single_distinct_name,as_is,lookup_unsupported,retrained,0.7,0.8,308,308.0,0.7513408117093049,0.7142857142857143
FL,single_distinct_name,as_is,lookup_unsupported,retrained,0.8,0.9,565,565.0,0.8572708053926451,0.8371681415929203
FL,single_distinct_name,as_is,lookup_unsupported,retrained,0.9,1.0,2868,2868.0,0.972064375960511,0.955718270571827
FL,single_distinct_name,as_is,model_seen,retrained,0.5,0.6,317,310.0,0.5517207293741164,0.5484572607960717
FL,single_distinct_name,as_is,model_seen,retrained,0.6,0.7,312,304.0,0.6516240778330126,0.5427678487663008
FL,single_distinct_name,as_is,model_seen,retrained,0.7,0.8,421,410.0,0.7517852912588817,0.6539480815960729
FL,single_distinct_name,as_is,model_seen,retrained,0.8,0.9,602,593.0,0.8535762680521702,0.6753584838938179
FL,single_distinct_name,as_is,model_seen,retrained,0.9,1.0,2086,2057.0,0.9704005086543668,0.8931478256841301
FL,single_distinct_name,as_is,model_unseen,retrained,0.5,0.6,350,349.0,0.5491415310042636,0.5195797516714422
FL,single_distinct_name,as_is,model_unseen,retrained,0.6,0.7,369,369.0,0.6528530521444512,0.6504065040650406
FL,single_distinct_name,as_is,model_unseen,retrained,0.7,0.8,495,495.0,0.7517106654668095,0.6828282828282828
FL,single_distinct_name,as_is,model_unseen,retrained,0.8,0.9,861,861.0,0.8571077833746091,0.7851335656213705
FL,single_distinct_name,as_is,model_unseen,retrained,0.9,1.0,3603,3602.0,0.9707828938696267,0.9299000555247084
FL,single_distinct_name,as_is,all,frequency,0.5,0.6,4319,4319.0,0.5122866955581434,0.11924056494558925
FL,single_distinct_name,as_is,all,frequency,0.6,0.7,168,168.0,0.6475898421468509,0.5595238095238095
FL,single_distinct_name,as_is,all,frequency,0.7,0.8,201,201.0,0.7498085268713455,0.6368159203980099
FL,single_distinct_name,as_is,all,frequency,0.8,0.9,302,302.0,0.850374866288553,0.7185430463576159
FL,single_distinct_name,as_is,all,frequency,0.9,1.0,4426,4360.0,0.9928715807733666,0.7505504195290915
FL,single_distinct_name,as_is,lookup_supported,frequency,0.5,0.6,159,159.0,0.5510852760029896,0.5471698113207547
FL,single_distinct_name,as_is,lookup_supported,frequency,0.6,0.7,168,168.0,0.6475898421468509,0.5595238095238095
FL,single_distinct_name,as_is,lookup_supported,frequency,0.7,0.8,201,201.0,0.7498085268713455,0.6368159203980099
FL,single_distinct_name,as_is,lookup_supported,frequency,0.8,0.9,302,302.0,0.850374866288553,0.7185430463576159
FL,single_distinct_name,as_is,lookup_supported,frequency,0.9,1.0,4426,4360.0,0.9928715807733666,0.7505504195290915
FL,single_distinct_name,as_is,lookup_unsupported,frequency,0.5,0.6,4160,4160.0,0.5108037690459486,0.10288461538461538
FL,single_distinct_name,as_is,model_seen,frequency,0.5,0.6,137,137.0,0.5519088609825039,0.5693430656934306
FL,single_distinct_name,as_is,model_seen,frequency,0.6,0.7,144,144.0,0.6485581500552159,0.5694444444444444
FL,single_distinct_name,as_is,model_seen,frequency,0.7,0.8,175,175.0,0.7502391723732902,0.6457142857142857
FL,single_distinct_name,as_is,model_seen,frequency,0.8,0.9,271,271.0,0.8518065144721076,0.7343173431734318
FL,single_distinct_name,as_is,model_seen,frequency,0.9,1.0,3011,2947.0,0.9901792399804799,0.8780341010565
FL,single_distinct_name,as_is,model_unseen,frequency,0.5,0.6,4182,4182.0,0.510988695399574,0.10449545671927307
FL,single_distinct_name,as_is,model_unseen,frequency,0.6,0.7,24,24.0,0.6417799946966614,0.5
FL,single_distinct_name,as_is,model_unseen,frequency,0.7,0.8,26,26.0,0.7469099513774877,0.5769230769230769
FL,single_distinct_name,as_is,model_unseen,frequency,0.8,0.9,31,31.0,0.8378594902323175,0.5806451612903226
FL,single_distinct_name,as_is,model_unseen,frequency,0.9,1.0,1415,1413.0,0.9984868166662447,0.48466619485727763
FL,single_distinct_name,as_is,all,majority,0.5,0.6,9416,9350.0,0.5108696907518123,0.49833153252907375
FL,single_distinct_name,as_is,lookup_supported,majority,0.5,0.6,5256,5190.0,0.5108696907518122,0.8152986183327244
FL,single_distinct_name,as_is,lookup_unsupported,majority,0.5,0.6,4160,4160.0,0.5108696907518124,0.10288461538461538
FL,single_distinct_name,as_is,model_seen,majority,0.5,0.6,3738,3674.0,0.5108696907518124,0.9304753663074323
FL,single_distinct_name,as_is,model_unseen,majority,0.5,0.6,5678,5676.0,0.5108696907518124,0.21861052384308202
FL,single_distinct_name,lowercased,all,published,0.5,0.6,199,197.0,0.5420238738737736,0.449979397350587
FL,single_distinct_name,lowercased,all,published,0.6,0.7,73,72.0,0.6423290231161647,0.5255255255255256
FL,single_distinct_name,lowercased,all,published,0.7,0.8,58,55.0,0.7510693474249406,0.42727272727272725
FL,single_distinct_name,lowercased,all,published,0.8,0.9,72,72.0,0.8541036686963506,0.5277777777777778
FL,single_distinct_name,lowercased,all,published,0.9,1.0,9014,8954.0,0.9987130647182784,0.7788544809549269
FL,single_distinct_name,lowercased,lookup_supported,published,0.5,0.6,154,152.0,0.5419225598636427,0.4384601399872739
FL,single_distinct_name,lowercased,lookup_supported,published,0.6,0.7,53,52.0,0.6396085562614294,0.4968814968814969
FL,single_distinct_name,lowercased,lookup_supported,published,0.7,0.8,38,34.99999999999999,0.7520814333643232,0.38571428571428573
FL,single_distinct_name,lowercased,lookup_supported,published,0.8,0.9,46,46.0,0.8564128085323002,0.5217391304347826
FL,single_distinct_name,lowercased,lookup_supported,published,0.9,1.0,4965,4905.0,0.9985587968495765,0.7019088730826536
FL,single_distinct_name,lowercased,lookup_unsupported,published,0.5,0.6,45,45.0,0.5423660900857713,0.4888888888888889
FL,single_distinct_name,lowercased,lookup_unsupported,published,0.6,0.7,20,20.0,0.6494022369384765,0.6
FL,single_distinct_name,lowercased,lookup_unsupported,published,0.7,0.8,20,20.0,0.7492981970310211,0.5
FL,single_distinct_name,lowercased,lookup_unsupported,published,0.8,0.9,26,26.0,0.8500182674481318,0.5384615384615384
FL,single_distinct_name,lowercased,lookup_unsupported,published,0.9,1.0,4049,4049.0,0.9988999463917738,0.8720671770807606
FL,single_distinct_name,lowercased,model_seen,published,0.5,0.6,107,105.0,0.542971910749163,0.4442470597911013
FL,single_distinct_name,lowercased,model_seen,published,0.6,0.7,45,44.0,0.6397370465777137,0.4963144963144963
FL,single_distinct_name,lowercased,model_seen,published,0.7,0.8,24,22.0,0.7562576613642953,0.356060606060606
FL,single_distinct_name,lowercased,model_seen,published,0.8,0.9,30,30.0,0.8543752074241638,0.5
FL,single_distinct_name,lowercased,model_seen,published,0.9,1.0,3532,3473.0,0.9984588064414227,0.6891341844141711
FL,single_distinct_name,lowercased,model_unseen,published,0.5,0.6,92,92.0,0.5409418752659922,0.45652173913043476
FL,single_distinct_name,lowercased,model_unseen,published,0.6,0.7,28,28.0,0.6464021291051593,0.5714285714285714
FL,single_distinct_name,lowercased,model_unseen,published,0.7,0.8,34,33.0,0.7476104714653709,0.47474747474747475
FL,single_distinct_name,lowercased,model_unseen,published,0.8,0.9,42,42.0,0.8539097124621982,0.5476190476190477
FL,single_distinct_name,lowercased,model_unseen,published,0.9,1.0,5482,5481.0,0.9988741738216391,0.8357051632913702
FL,single_distinct_name,lowercased,all,fixed_inference,0.5,0.6,2539,2489.0,0.5443695867909347,0.629582179721585
FL,single_distinct_name,lowercased,all,fixed_inference,0.6,0.7,633,621.0,0.6334191317911502,0.8126953572008823
FL,single_distinct_name,lowercased,all,fixed_inference,0.7,0.8,57,57.0,0.7324716950717726,0.7719298245614035
FL,single_distinct_name,lowercased,all,fixed_inference,0.8,0.9,19,19.0,0.8480827180962813,0.7368421052631579
FL,single_distinct_name,lowercased,all,fixed_inference,0.9,1.0,6168,6164.0,0.9996351406490702,0.967141352732903
FL,single_distinct_name,lowercased,lookup_supported,fixed_inference,0.5,0.6,2447,2397.0,0.5443710693976856,0.6295494557058928
FL,single_distinct_name,lowercased,lookup_supported,fixed_inference,0.6,0.7,600,588.0,0.6331819876724359,0.8174894843907277
FL,single_distinct_name,lowercased,lookup_supported,fixed_inference,0.7,0.8,48,48.0,0.7292630287508169,0.7916666666666666
FL,single_distinct_name,lowercased,lookup_supported,fixed_inference,0.8,0.9,10,10.0,0.8490827798843383,0.9
FL,single_distinct_name,lowercased,lookup_supported,fixed_inference,0.9,1.0,2151,2147.0,0.9994303645174838,0.9587607350934393
FL,single_distinct_name,lowercased,lookup_unsupported,fixed_inference,0.5,0.6,92,92.0,0.5443309584389562,0.6304347826086957
FL,single_distinct_name,lowercased,lookup_unsupported,fixed_inference,0.6,0.7,33,33.0,0.6376446088155111,0.7272727272727273
FL,single_distinct_name,lowercased,lookup_unsupported,fixed_inference,0.7,0.8,9,9.0,0.7495845821168687,0.6666666666666666
FL,single_distinct_name,lowercased,lookup_unsupported,fixed_inference,0.8,0.9,9,9.0,0.8469715383317735,0.5555555555555556
FL,single_distinct_name,lowercased,lookup_unsupported,fixed_inference,0.9,1.0,4017,4017.0,0.9997445890818599,0.9716206123973115
FL,single_distinct_name,lowercased,model_seen,fixed_inference,0.5,0.6,1848,1800.0,0.5442613433798155,0.6301092844409398
FL,single_distinct_name,lowercased,model_seen,fixed_inference,0.6,0.7,512,500.0,0.6337862788438797,0.8453676336434958
FL,single_distinct_name,lowercased,model_seen,fixed_inference,0.7,0.8,38,38.0,0.7280334908711282,0.868421052631579
FL,single_distinct_name,lowercased,model_seen,fixed_inference,0.8,0.9,3,3.0,0.8510442972183228,1.0
FL,single_distinct_name,lowercased,model_seen,fixed_inference,0.9,1.0,1337,1333.0,0.9994956303250941,0.9658359326673773
FL,single_distinct_name,lowercased,model_unseen,fixed_inference,0.5,0.6,691,689.0,0.5446523707387063,0.6282051282051282
FL,single_distinct_name,lowercased,model_unseen,fixed_inference,0.6,0.7,121,121.0,0.631901995209623,0.6776859504132231
FL,single_distinct_name,lowercased,model_unseen,fixed_inference,0.7,0.8,19,19.0,0.741348103473061,0.5789473684210527
FL,single_distinct_name,lowercased,model_unseen,fixed_inference,0.8,0.9,16,16.0,0.8475274220108986,0.6875
FL,single_distinct_name,lowercased,model_unseen,fixed_inference,0.9,1.0,4831,4831.0,0.9996736352178676,0.9675015524736079
FL,single_distinct_name,lowercased,all,retrained,0.5,0.6,667,659.0,0.5503548109658029,0.533164012412922
FL,single_distinct_name,lowercased,all,retrained,0.6,0.7,681,673.0,0.6522979136739053,0.6017851798290571
FL,single_distinct_name,lowercased,all,retrained,0.7,0.8,916,905.0,0.7517444738366986,0.6697444347562318
FL,single_distinct_name,lowercased,all,retrained,0.8,0.9,1463,1454.0,0.855667488611056,0.7403628479704498
FL,single_distinct_name,lowercased,all,retrained,0.9,1.0,5689,5659.0,0.9706438999859388,0.9165409219707112
FL,single_distinct_name,lowercased,lookup_supported,retrained,0.5,0.6,471,463.0,0.551083244463795,0.5385638967173122
FL,single_distinct_name,lowercased,lookup_supported,retrained,0.6,0.7,458,450.0,0.65177923573388,0.5733365022776787
FL,single_distinct_name,lowercased,lookup_supported,retrained,0.7,0.8,608,597.0,0.7519527283345834,0.6467650141614569
FL,single_distinct_name,lowercased,lookup_supported,retrained,0.8,0.9,898,889.0,0.8546485077543655,0.6788386737334466
FL,single_distinct_name,lowercased,lookup_supported,retrained,0.9,1.0,2821,2791.0,0.9691842349572491,0.8762827221183288
FL,single_distinct_name,lowercased,lookup_unsupported,retrained,0.5,0.6,196,196.0,0.5486340726516685,0.5204081632653061
FL,single_distinct_name,lowercased,lookup_unsupported,retrained,0.6,0.7,223,223.0,0.653344573194136,0.6591928251121076
FL,single_distinct_name,lowercased,lookup_unsupported,retrained,0.7,0.8,308,308.0,0.7513408117093049,0.7142857142857143
FL,single_distinct_name,lowercased,lookup_unsupported,retrained,0.8,0.9,565,565.0,0.8572708053926451,0.8371681415929203
FL,single_distinct_name,lowercased,lookup_unsupported,retrained,0.9,1.0,2868,2868.0,0.972064375960511,0.955718270571827
FL,single_distinct_name,lowercased,model_seen,retrained,0.5,0.6,317,310.0,0.5517207293741164,0.5484572607960717
FL,single_distinct_name,lowercased,model_seen,retrained,0.6,0.7,312,304.0,0.6516240778330126,0.5427678487663008
FL,single_distinct_name,lowercased,model_seen,retrained,0.7,0.8,421,410.0,0.7517852912588817,0.6539480815960729
FL,single_distinct_name,lowercased,model_seen,retrained,0.8,0.9,602,593.0,0.8535762680521702,0.6753584838938179
FL,single_distinct_name,lowercased,model_seen,retrained,0.9,1.0,2086,2057.0,0.9704005086543668,0.8931478256841301
FL,single_distinct_name,lowercased,model_unseen,retrained,0.5,0.6,350,349.0,0.5491415310042636,0.5195797516714422
FL,single_distinct_name,lowercased,model_unseen,retrained,0.6,0.7,369,369.0,0.6528530521444512,0.6504065040650406
FL,single_distinct_name,lowercased,model_unseen,retrained,0.7,0.8,495,495.0,0.7517106654668095,0.6828282828282828
FL,single_distinct_name,lowercased,model_unseen,retrained,0.8,0.9,861,861.0,0.8571077833746091,0.7851335656213705
FL,single_distinct_name,lowercased,model_unseen,retrained,0.9,1.0,3603,3602.0,0.9707828938696267,0.9299000555247084
FL,single_distinct_name,lowercased,all,frequency,0.5,0.6,4319,4319.0,0.5122866955581434,0.11924056494558925
FL,single_distinct_name,lowercased,all,frequency,0.6,0.7,168,168.0,0.6475898421468509,0.5595238095238095
FL,single_distinct_name,lowercased,all,frequency,0.7,0.8,201,201.0,0.7498085268713455,0.6368159203980099
FL,single_distinct_name,lowercased,all,frequency,0.8,0.9,302,302.0,0.850374866288553,0.7185430463576159
FL,single_distinct_name,lowercased,all,frequency,0.9,1.0,4426,4360.0,0.9928715807733666,0.7505504195290915
FL,single_distinct_name,lowercased,lookup_supported,frequency,0.5,0.6,159,159.0,0.5510852760029896,0.5471698113207547
FL,single_distinct_name,lowercased,lookup_supported,frequency,0.6,0.7,168,168.0,0.6475898421468509,0.5595238095238095
FL,single_distinct_name,lowercased,lookup_supported,frequency,0.7,0.8,201,201.0,0.7498085268713455,0.6368159203980099
FL,single_distinct_name,lowercased,lookup_supported,frequency,0.8,0.9,302,302.0,0.850374866288553,0.7185430463576159
FL,single_distinct_name,lowercased,lookup_supported,frequency,0.9,1.0,4426,4360.0,0.9928715807733666,0.7505504195290915
FL,single_distinct_name,lowercased,lookup_unsupported,frequency,0.5,0.6,4160,4160.0,0.5108037690459486,0.10288461538461538
FL,single_distinct_name,lowercased,model_seen,frequency,0.5,0.6,137,137.0,0.5519088609825039,0.5693430656934306
FL,single_distinct_name,lowercased,model_seen,frequency,0.6,0.7,144,144.0,0.6485581500552159,0.5694444444444444
FL,single_distinct_name,lowercased,model_seen,frequency,0.7,0.8,175,175.0,0.7502391723732902,0.6457142857142857
FL,single_distinct_name,lowercased,model_seen,frequency,0.8,0.9,271,271.0,0.8518065144721076,0.7343173431734318
FL,single_distinct_name,lowercased,model_seen,frequency,0.9,1.0,3011,2947.0,0.9901792399804799,0.8780341010565
FL,single_distinct_name,lowercased,model_unseen,frequency,0.5,0.6,4182,4182.0,0.510988695399574,0.10449545671927307
FL,single_distinct_name,lowercased,model_unseen,frequency,0.6,0.7,24,24.0,0.6417799946966614,0.5
FL,single_distinct_name,lowercased,model_unseen,frequency,0.7,0.8,26,26.0,0.7469099513774877,0.5769230769230769
FL,single_distinct_name,lowercased,model_unseen,frequency,0.8,0.9,31,31.0,0.8378594902323175,0.5806451612903226
FL,single_distinct_name,lowercased,model_unseen,frequency,0.9,1.0,1415,1413.0,0.9984868166662447,0.48466619485727763
FL,single_distinct_name,lowercased,all,majority,0.5,0.6,9416,9350.0,0.5108696907518123,0.49833153252907375
FL,single_distinct_name,lowercased,lookup_supported,majority,0.5,0.6,5256,5190.0,0.5108696907518122,0.8152986183327244
FL,single_distinct_name,lowercased,lookup_unsupported,majority,0.5,0.6,4160,4160.0,0.5108696907518124,0.10288461538461538
FL,single_distinct_name,lowercased,model_seen,majority,0.5,0.6,3738,3674.0,0.5108696907518124,0.9304753663074323
FL,single_distinct_name,lowercased,model_unseen,majority,0.5,0.6,5678,5676.0,0.5108696907518124,0.21861052384308202
FL,ordering,as_is,all,published,0.5,0.6,203,203.0,0.5513177311479165,0.6108374384236454
FL,ordering,as_is,all,published,0.6,0.7,249,249.0,0.6500949890738031,0.5542168674698795
FL,ordering,as_is,all,published,0.7,0.8,278,278.0,0.7543548467776758,0.5935251798561151
FL,ordering,as_is,all,published,0.8,0.9,450,450.0,0.8560775144894918,0.6488888888888888
FL,ordering,as_is,all,published,0.9,1.0,18818,18818.0,0.9954233535900292,0.8663513657136784
FL,ordering,as_is,lookup_supported,published,0.5,0.6,156,156.0,0.5490656139758917,0.6025641025641025
FL,ordering,as_is,lookup_supported,published,0.6,0.7,184,184.0,0.6487928891311521,0.5652173913043478
FL,ordering,as_is,lookup_supported,published,0.7,0.8,201,201.0,0.7528157077025418,0.6218905472636815
FL,ordering,as_is,lookup_supported,published,0.8,0.9,347,347.0,0.8551819125238688,0.7089337175792507
FL,ordering,as_is,lookup_supported,published,0.9,1.0,11785,11785.0,0.9945803277564342,0.8629613915994909
FL,ordering,as_is,lookup_unsupported,published,0.5,0.6,47,47.0,0.558792843463573,0.6382978723404256
FL,ordering,as_is,lookup_unsupported,published,0.6,0.7,65,65.0,0.6537809335268461,0.5230769230769231
FL,ordering,as_is,lookup_unsupported,published,0.7,0.8,77,77.0,0.7583725994283502,0.5194805194805194
FL,ordering,as_is,lookup_unsupported,published,0.8,0.9,103,103.0,0.8590947366455226,0.44660194174757284
FL,ordering,as_is,lookup_unsupported,published,0.9,1.0,7033,7033.0,0.9968359882336972,0.8720318498507038
FL,ordering,as_is,model_seen,published,0.5,0.6,4,4.0,0.5326838493347168,0.75
FL,ordering,as_is,model_seen,published,0.6,0.7,7,7.0,0.6530380419322422,0.2857142857142857
FL,ordering,as_is,model_seen,published,0.7,0.8,6,6.0,0.7359813253084818,0.6666666666666666
FL,ordering,as_is,model_seen,published,0.8,0.9,1,1.0,0.8358262777328491,1.0
FL,ordering,as_is,model_seen,published,0.9,1.0,16,16.0,0.97109579667449,0.5625
FL,ordering,as_is,model_unseen,published,0.5,0.6,199,199.0,0.5516922815361215,0.6080402010050251
FL,ordering,as_is,model_unseen,published,0.6,0.7,242,242.0,0.6500098594456665,0.5619834710743802
FL,ordering,as_is,model_unseen,published,0.7,0.8,272,272.0,0.7547601450453786,0.5919117647058824
FL,ordering,as_is,model_unseen,published,0.8,0.9,449,449.0,0.8561226174666781,0.6481069042316259
FL,ordering,as_is,model_unseen,published,0.9,1.0,18802,18802.0,0.9954440556914359,0.8666099351132858
FL,ordering,as_is,2,published,0.5,0.6,191,191.0,0.5515727725328575,0.6178010471204188
FL,ordering,as_is,2,published,0.6,0.7,236,236.0,0.6496890482761092,0.5508474576271186
FL,ordering,as_is,2,published,0.7,0.8,264,264.0,0.7543034682219679,0.5909090909090909
FL,ordering,as_is,2,published,0.8,0.9,425,425.0,0.8552669296545141,0.6588235294117647
FL,ordering,as_is,2,published,0.9,1.0,17904,17904.0,0.9954207928666481,0.864946380697051
FL,ordering,as_is,3+,published,0.5,0.6,12,12.0,0.5472583224376043,0.5
FL,ordering,as_is,3+,published,0.6,0.7,13,13.0,0.6574643758627084,0.6153846153846154
FL,ordering,as_is,3+,published,0.7,0.8,14,14.0,0.7553236995424543,0.6428571428571429
FL,ordering,as_is,3+,published,0.8,0.9,25,25.0,0.8698574566841125,0.48
FL,ordering,as_is,3+,published,0.9,1.0,914,914.0,0.9954735146309667,0.8938730853391685
FL,ordering,as_is,all,fixed_inference,0.5,0.6,117,117.0,0.5503242479430305,0.5641025641025641
FL,ordering,as_is,all,fixed_inference,0.6,0.7,139,139.0,0.6460057582786615,0.7697841726618705
FL,ordering,as_is,all,fixed_inference,0.7,0.8,237,237.0,0.7556257107086826,0.8945147679324894
FL,ordering,as_is,all,fixed_inference,0.8,0.9,363,363.0,0.8551239827776087,0.9090909090909091
FL,ordering,as_is,all,fixed_inference,0.9,1.0,19142,19142.0,0.9963785298982143,0.9920071047957372
FL,ordering,as_is,lookup_supported,fixed_inference,0.5,0.6,110,110.0,0.5504689921032299,0.5636363636363636
FL,ordering,as_is,lookup_supported,fixed_inference,0.6,0.7,135,135.0,0.6456794292838485,0.762962962962963
FL,ordering,as_is,lookup_supported,fixed_inference,0.7,0.8,227,227.0,0.7553892813064979,0.9030837004405287
FL,ordering,as_is,lookup_supported,fixed_inference,0.8,0.9,351,351.0,0.8548789051523236,0.9202279202279202
FL,ordering,as_is,lookup_supported,fixed_inference,0.9,1.0,11850,11850.0,0.9947170624602193,0.9917299578059072
FL,ordering,as_is,lookup_unsupported,fixed_inference,0.5,0.6,7,7.0,0.5480496968541827,0.5714285714285714
FL,ordering,as_is,lookup_unsupported,fixed_inference,0.6,0.7,4,4.0,0.6570193618535995,1.0
FL,ordering,as_is,lookup_unsupported,fixed_inference,0.7,0.8,10,10.0,0.7609926581382751,0.7
FL,ordering,as_is,lookup_unsupported,fixed_inference,0.8,0.9,12,12.0,0.8622925033171972,0.5833333333333334
FL,ordering,as_is,lookup_unsupported,fixed_inference,0.9,1.0,7292,7292.0,0.9990785284089441,0.992457487657707
FL,ordering,as_is,model_seen,fixed_inference,0.5,0.6,7,7.0,0.5464770708765302,0.2857142857142857
FL,ordering,as_is,model_seen,fixed_inference,0.6,0.7,12,12.0,0.6252916405598322,0.8333333333333334
FL,ordering,as_is,model_seen,fixed_inference,0.7,0.8,8,8.0,0.7256854102015495,0.75
FL,ordering,as_is,model_seen,fixed_inference,0.8,0.9,4,4.0,0.8742100298404694,1.0
FL,ordering,as_is,model_seen,fixed_inference,0.9,1.0,3,3.0,0.965822180112203,0.6666666666666666
FL,ordering,as_is,model_unseen,fixed_inference,0.5,0.6,110,110.0,0.5505690683018077,0.5818181818181818
FL,ordering,as_is,model_unseen,fixed_inference,0.6,0.7,127,127.0,0.6479629977481571,0.7637795275590551
FL,ordering,as_is,model_unseen,fixed_inference,0.7,0.8,229,229.0,0.7566716600713772,0.8995633187772926
FL,ordering,as_is,model_unseen,fixed_inference,0.8,0.9,359,359.0,0.8549113248716158,0.9080779944289693
FL,ordering,as_is,model_unseen,fixed_inference,0.9,1.0,19139,19139.0,0.9963833195449753,0.9920581012592089
FL,ordering,as_is,2,fixed_inference,0.5,0.6,117,117.0,0.5503242479430305,0.5641025641025641
FL,ordering,as_is,2,fixed_inference,0.6,0.7,138,138.0,0.6460539547429569,0.7681159420289855
FL,ordering,as_is,2,fixed_inference,0.7,0.8,233,233.0,0.7553383646604841,0.8969957081545065
FL,ordering,as_is,2,fixed_inference,0.8,0.9,360,360.0,0.8552276124556859,0.9083333333333333
FL,ordering,as_is,2,fixed_inference,0.9,1.0,18172,18172.0,0.9962396535144198,0.9920206911732335
FL,ordering,as_is,3+,fixed_inference,0.6,0.7,1,1.0,0.6393546462059021,1.0
FL,ordering,as_is,3+,fixed_inference,0.7,0.8,4,4.0,0.772363618016243,0.75
FL,ordering,as_is,3+,fixed_inference,0.8,0.9,3,3.0,0.8426884214083353,1.0
FL,ordering,as_is,3+,fixed_inference,0.9,1.0,970,970.0,0.9989802429356526,0.9917525773195877
FL,ordering,as_is,all,retrained,0.5,0.6,603,603.0,0.5498400370082254,0.572139303482587
FL,ordering,as_is,all,retrained,0.6,0.7,648,648.0,0.6505817262294852,0.6080246913580247
FL,ordering,as_is,all,retrained,0.7,0.8,811,811.0,0.7526830988953351,0.6621454993834772
FL,ordering,as_is,all,retrained,0.8,0.9,1308,1308.0,0.8536437240397894,0.7813455657492355
FL,ordering,as_is,all,retrained,0.9,1.0,16628,16628.0,0.9875061508874811,0.9761847486167909
FL,ordering,as_is,lookup_supported,retrained,0.5,0.6,454,454.0,0.5508529382392698,0.5682819383259912
FL,ordering,as_is,lookup_supported,retrained,0.6,0.7,499,499.0,0.6501033410041748,0.6052104208416834
FL,ordering,as_is,lookup_supported,retrained,0.7,0.8,618,618.0,0.7522651726759754,0.6456310679611651
FL,ordering,as_is,lookup_supported,retrained,0.8,0.9,981,981.0,0.8536665927501021,0.7798165137614679
FL,ordering,as_is,lookup_supported,retrained,0.9,1.0,10121,10121.0,0.9853536742806093,0.9682837664262425
FL,ordering,as_is,lookup_unsupported,retrained,0.5,0.6,149,149.0,0.5467537473512176,0.5838926174496645
FL,ordering,as_is,lookup_unsupported,retrained,0.6,0.7,149,149.0,0.6521838351384105,0.6174496644295302
FL,ordering,as_is,lookup_unsupported,retrained,0.7,0.8,193,193.0,0.754021328965617,0.7150259067357513
FL,ordering,as_is,lookup_unsupported,retrained,0.8,0.9,327,327.0,0.8535751179088511,0.7859327217125383
FL,ordering,as_is,lookup_unsupported,retrained,0.9,1.0,6507,6507.0,0.9908541170374963,0.9884739511295528
FL,ordering,as_is,model_seen,retrained,0.5,0.6,1,1.0,0.5591510534286499,1.0
FL,ordering,as_is,model_seen,retrained,0.6,0.7,10,10.0,0.6685284018516541,0.7
FL,ordering,as_is,model_seen,retrained,0.7,0.8,3,3.0,0.7401424249013265,0.3333333333333333
FL,ordering,as_is,model_seen,retrained,0.8,0.9,9,9.0,0.8259082833925883,0.3333333333333333
FL,ordering,as_is,model_seen,retrained,0.9,1.0,11,11.0,0.9573756835677407,0.18181818181818182
FL,ordering,as_is,model_unseen,retrained,0.5,0.6,602,602.0,0.5498245702035404,0.5714285714285714
FL,ordering,as_is,model_unseen,retrained,0.6,0.7,638,638.0,0.6503004303733383,0.6065830721003135
FL,ordering,as_is,model_unseen,retrained,0.7,0.8,808,808.0,0.7527296608037287,0.6633663366336634
FL,ordering,as_is,model_unseen,retrained,0.8,0.9,1299,1299.0,0.853835886446121,0.7844495765973826
FL,ordering,as_is,model_unseen,retrained,0.9,1.0,16617,16617.0,0.9875260964336396,0.9767105975807907
FL,ordering,as_is,2,retrained,0.5,0.6,573,573.0,0.5498719033354448,0.5706806282722513
FL,ordering,as_is,2,retrained,0.6,0.7,616,616.0,0.650272119354892,0.6038961038961039
FL,ordering,as_is,2,retrained,0.7,0.8,787,787.0,0.7528445940308528,0.6556543837357052
FL,ordering,as_is,2,retrained,0.8,0.9,1242,1242.0,0.8536501546028924,0.7753623188405797
FL,ordering,as_is,2,retrained,0.9,1.0,15802,15802.0,0.9874043256976064,0.9753828629287432
FL,ordering,as_is,3+,retrained,0.5,0.6,30,30.0,0.5492313901583353,0.6
FL,ordering,as_is,3+,retrained,0.6,0.7,32,32.0,0.656541658565402,0.6875
FL,ordering,as_is,3+,retrained,0.7,0.8,24,24.0,0.7473874042431513,0.875
FL,ordering,as_is,3+,retrained,0.8,0.9,66,66.0,0.8535227125341242,0.8939393939393939
FL,ordering,as_is,3+,retrained,0.9,1.0,826,826.0,0.9894541432003132,0.9915254237288136
FL,ordering,as_is,all,frequency,0.5,0.6,4026,4026.0,0.5022939420074795,0.5094386487829111
FL,ordering,as_is,all,frequency,0.6,0.7,187,187.0,0.6470038617134707,0.7914438502673797
FL,ordering,as_is,all,frequency,0.7,0.8,221,221.0,0.7552959167557859,0.7375565610859729
FL,ordering,as_is,all,frequency,0.8,0.9,473,473.0,0.8564889430878544,0.8921775898520085
FL,ordering,as_is,all,frequency,0.9,1.0,15091,15091.0,0.9959711999737303,0.4277383871181499
FL,ordering,as_is,lookup_supported,frequency,0.5,0.6,3749,3749.0,0.5000533127607406,0.5006668444918645
FL,ordering,as_is,lookup_supported,frequency,0.6,0.7,3,3.0,0.6197132419474055,1.0
FL,ordering,as_is,lookup_supported,frequency,0.7,0.8,8,8.0,0.7471577729777243,0.75
FL,ordering,as_is,lookup_supported,frequency,0.8,0.9,12,12.0,0.851674798872327,0.5833333333333334
FL,ordering,as_is,lookup_supported,frequency,0.9,1.0,8901,8901.0,0.9998588502837932,0.0661723401864959
FL,ordering,as_is,lookup_unsupported,frequency,0.5,0.6,277,277.0,0.5326192815238129,0.628158844765343
FL,ordering,as_is,lookup_unsupported,frequency,0.6,0.7,184,184.0,0.6474488174705262,0.7880434782608695
FL,ordering,as_is,lookup_unsupported,frequency,0.7,0.8,213,213.0,0.7556015747380606,0.7370892018779343
FL,ordering,as_is,lookup_unsupported,frequency,0.8,0.9,461,461.0,0.8566142570370656,0.9002169197396963
FL,ordering,as_is,lookup_unsupported,frequency,0.9,1.0,6190,6190.0,0.9903808969995999,0.9476575121163167
FL,ordering,as_is,model_seen,frequency,0.9,1.0,34,34.0,1.0,0.0
FL,ordering,as_is,model_unseen,frequency,0.5,0.6,4026,4026.0,0.5022939420074795,0.5094386487829111
FL,ordering,as_is,model_unseen,frequency,0.6,0.7,187,187.0,0.6470038617134707,0.7914438502673797
FL,ordering,as_is,model_unseen,frequency,0.7,0.8,221,221.0,0.7552959167557859,0.7375565610859729
FL,ordering,as_is,model_unseen,frequency,0.8,0.9,473,473.0,0.8564889430878544,0.8921775898520085
FL,ordering,as_is,model_unseen,frequency,0.9,1.0,15057,15057.0,0.9959621025970357,0.42870425715614
FL,ordering,as_is,2,frequency,0.5,0.6,3958,3958.0,0.5022615419971485,0.506821627084386
FL,ordering,as_is,2,frequency,0.6,0.7,180,180.0,0.6470848657258419,0.7888888888888889
FL,ordering,as_is,2,frequency,0.7,0.8,203,203.0,0.756051399221973,0.7586206896551724
FL,ordering,as_is,2,frequency,0.8,0.9,454,454.0,0.8565840766528158,0.8986784140969163
FL,ordering,as_is,2,frequency,0.9,1.0,14225,14225.0,0.9958953524432805,0.4046397188049209
FL,ordering,as_is,3+,frequency,0.5,0.6,68,68.0,0.5041798131970472,0.6617647058823529
FL,ordering,as_is,3+,frequency,0.6,0.7,7,7.0,0.6449209013953545,0.8571428571428571
FL,ordering,as_is,3+,frequency,0.7,0.8,18,18.0,0.7467757533871209,0.5
FL,ordering,as_is,3+,frequency,0.8,0.9,19,19.0,0.8542157515882537,0.7368421052631579
FL,ordering,as_is,3+,frequency,0.9,1.0,866,866.0,0.9972170788659349,0.8071593533487298
FL,ordering,as_is,all,majority,0.5,0.6,19998,19998.0,0.5000012500968826,0.5
FL,ordering,as_is,lookup_supported,majority,0.5,0.6,12673,12673.0,0.5000012500968826,0.49940819064152137
FL,ordering,as_is,lookup_unsupported,majority,0.5,0.6,7325,7325.0,0.5000012500968827,0.5010238907849829
FL,ordering,as_is,model_seen,majority,0.5,0.6,34,34.0,0.5000012500968825,0.7058823529411765
FL,ordering,as_is,model_unseen,majority,0.5,0.6,19964,19964.0,0.5000012500968826,0.4996493688639551
FL,ordering,as_is,2,majority,0.5,0.6,19020,19020.0,0.5000012500968823,0.5002103049421661
FL,ordering,as_is,3+,majority,0.5,0.6,978,978.0,0.5000012500968826,0.49591002044989774
FL,ordering,lowercased,all,published,0.5,0.6,172,172.0,0.5506934537444004,0.5348837209302325
FL,ordering,lowercased,all,published,0.6,0.7,235,235.0,0.6499272554478747,0.5106382978723404
FL,ordering,lowercased,all,published,0.7,0.8,307,307.0,0.752906514883818,0.5309446254071661
FL,ordering,lowercased,all,published,0.8,0.9,394,394.0,0.8573861135746622,0.6091370558375635
FL,ordering,lowercased,all,published,0.9,1.0,18890,18890.0,0.9952386801207488,0.930651138168343
FL,ordering,lowercased,lookup_supported,published,0.5,0.6,116,116.0,0.5510291652432804,0.5517241379310345
FL,ordering,lowercased,lookup_supported,published,0.6,0.7,173,173.0,0.6504139245590034,0.5317919075144508
FL,ordering,lowercased,lookup_supported,published,0.7,0.8,241,241.0,0.7528925869474767,0.5394190871369294
FL,ordering,lowercased,lookup_supported,published,0.8,0.9,285,285.0,0.8564733885882193,0.5684210526315789
FL,ordering,lowercased,lookup_supported,published,0.9,1.0,11858,11858.0,0.9944247694949634,0.9186203406982628
FL,ordering,lowercased,lookup_unsupported,published,0.5,0.6,56,56.0,0.5499980513538633,0.5
FL,ordering,lowercased,lookup_unsupported,published,0.6,0.7,62,62.0,0.6485692916377899,0.45161290322580644
FL,ordering,lowercased,lookup_unsupported,published,0.7,0.8,66,66.0,0.7529573729543975,0.5
FL,ordering,lowercased,lookup_unsupported,published,0.8,0.9,109,109.0,0.8597725963373797,0.7155963302752294
FL,ordering,lowercased,lookup_unsupported,published,0.9,1.0,7032,7032.0,0.9966111704791908,0.950938566552901
FL,ordering,lowercased,model_seen,published,0.7,0.8,3,3.0,0.736385703086853,0.3333333333333333
FL,ordering,lowercased,model_seen,published,0.8,0.9,3,3.0,0.8569328784942627,0.3333333333333333
FL,ordering,lowercased,model_seen,published,0.9,1.0,28,28.0,0.9825916119984218,0.6428571428571429
FL,ordering,lowercased,model_unseen,published,0.5,0.6,172,172.0,0.5506934537444004,0.5348837209302325
FL,ordering,lowercased,model_unseen,published,0.6,0.7,235,235.0,0.6499272554478747,0.5106382978723404
FL,ordering,lowercased,model_unseen,published,0.7,0.8,304,304.0,0.7530695492107617,0.5328947368421053
FL,ordering,lowercased,model_unseen,published,0.8,0.9,391,391.0,0.8573895910816729,0.6112531969309463
FL,ordering,lowercased,model_unseen,published,0.9,1.0,18862,18862.0,0.9952574542649236,0.9310783586046019
FL,ordering,lowercased,2,published,0.5,0.6,157,157.0,0.5501259641282877,0.535031847133758
FL,ordering,lowercased,2,published,0.6,0.7,216,216.0,0.6499626777238316,0.5277777777777778
FL,ordering,lowercased,2,published,0.7,0.8,279,279.0,0.7532419605067127,0.5376344086021505
FL,ordering,lowercased,2,published,0.8,0.9,360,360.0,0.8579527878099018,0.6
FL,ordering,lowercased,2,published,0.9,1.0,18008,18008.0,0.9953585091443763,0.9304753442914261
FL,ordering,lowercased,3+,published,0.5,0.6,15,15.0,0.556633178393046,0.5333333333333333
FL,ordering,lowercased,3+,published,0.6,0.7,19,19.0,0.6495245601001539,0.3157894736842105
FL,ordering,lowercased,3+,published,0.7,0.8,28,28.0,0.7495640388556889,0.4642857142857143
FL,ordering,lowercased,3+,published,0.8,0.9,34,34.0,0.8513860334368313,0.7058823529411765
FL,ordering,lowercased,3+,published,0.9,1.0,882,882.0,0.9927921029580694,0.9342403628117913
FL,ordering,lowercased,all,fixed_inference,0.5,0.6,117,117.0,0.5503242479430305,0.5641025641025641
FL,ordering,lowercased,all,fixed_inference,0.6,0.7,139,139.0,0.6460057582786615,0.7697841726618705
FL,ordering,lowercased,all,fixed_inference,0.7,0.8,237,237.0,0.7556257107086826,0.8945147679324894
FL,ordering,lowercased,all,fixed_inference,0.8,0.9,363,363.0,0.8551239827776087,0.9090909090909091
FL,ordering,lowercased,all,fixed_inference,0.9,1.0,19142,19142.0,0.9963785298982143,0.9920071047957372
FL,ordering,lowercased,lookup_supported,fixed_inference,0.5,0.6,110,110.0,0.5504689921032299,0.5636363636363636
FL,ordering,lowercased,lookup_supported,fixed_inference,0.6,0.7,135,135.0,0.6456794292838485,0.762962962962963
FL,ordering,lowercased,lookup_supported,fixed_inference,0.7,0.8,227,227.0,0.7553892813064979,0.9030837004405287
FL,ordering,lowercased,lookup_supported,fixed_inference,0.8,0.9,351,351.0,0.8548789051523236,0.9202279202279202
FL,ordering,lowercased,lookup_supported,fixed_inference,0.9,1.0,11850,11850.0,0.9947170624602193,0.9917299578059072
FL,ordering,lowercased,lookup_unsupported,fixed_inference,0.5,0.6,7,7.0,0.5480496968541827,0.5714285714285714
FL,ordering,lowercased,lookup_unsupported,fixed_inference,0.6,0.7,4,4.0,0.6570193618535995,1.0
FL,ordering,lowercased,lookup_unsupported,fixed_inference,0.7,0.8,10,10.0,0.7609926581382751,0.7
FL,ordering,lowercased,lookup_unsupported,fixed_inference,0.8,0.9,12,12.0,0.8622925033171972,0.5833333333333334
FL,ordering,lowercased,lookup_unsupported,fixed_inference,0.9,1.0,7292,7292.0,0.9990785284089441,0.992457487657707
FL,ordering,lowercased,model_seen,fixed_inference,0.5,0.6,7,7.0,0.5464770708765302,0.2857142857142857
FL,ordering,lowercased,model_seen,fixed_inference,0.6,0.7,12,12.0,0.6252916405598322,0.8333333333333334
FL,ordering,lowercased,model_seen,fixed_inference,0.7,0.8,8,8.0,0.7256854102015495,0.75
FL,ordering,lowercased,model_seen,fixed_inference,0.8,0.9,4,4.0,0.8742100298404694,1.0
FL,ordering,lowercased,model_seen,fixed_inference,0.9,1.0,3,3.0,0.965822180112203,0.6666666666666666
FL,ordering,lowercased,model_unseen,fixed_inference,0.5,0.6,110,110.0,0.5505690683018077,0.5818181818181818
FL,ordering,lowercased,model_unseen,fixed_inference,0.6,0.7,127,127.0,0.6479629977481571,0.7637795275590551
FL,ordering,lowercased,model_unseen,fixed_inference,0.7,0.8,229,229.0,0.7566716600713772,0.8995633187772926
FL,ordering,lowercased,model_unseen,fixed_inference,0.8,0.9,359,359.0,0.8549113248716158,0.9080779944289693
FL,ordering,lowercased,model_unseen,fixed_inference,0.9,1.0,19139,19139.0,0.9963833195449753,0.9920581012592089
FL,ordering,lowercased,2,fixed_inference,0.5,0.6,117,117.0,0.5503242479430305,0.5641025641025641
FL,ordering,lowercased,2,fixed_inference,0.6,0.7,138,138.0,0.6460539547429569,0.7681159420289855
FL,ordering,lowercased,2,fixed_inference,0.7,0.8,233,233.0,0.7553383646604841,0.8969957081545065
FL,ordering,lowercased,2,fixed_inference,0.8,0.9,360,360.0,0.8552276124556859,0.9083333333333333
FL,ordering,lowercased,2,fixed_inference,0.9,1.0,18172,18172.0,0.9962396535144198,0.9920206911732335
FL,ordering,lowercased,3+,fixed_inference,0.6,0.7,1,1.0,0.6393546462059021,1.0
FL,ordering,lowercased,3+,fixed_inference,0.7,0.8,4,4.0,0.772363618016243,0.75
FL,ordering,lowercased,3+,fixed_inference,0.8,0.9,3,3.0,0.8426884214083353,1.0
FL,ordering,lowercased,3+,fixed_inference,0.9,1.0,970,970.0,0.9989802429356526,0.9917525773195877
FL,ordering,lowercased,all,retrained,0.5,0.6,603,603.0,0.5498400370082254,0.572139303482587
FL,ordering,lowercased,all,retrained,0.6,0.7,648,648.0,0.6505817262294852,0.6080246913580247
FL,ordering,lowercased,all,retrained,0.7,0.8,811,811.0,0.7526830988953351,0.6621454993834772
FL,ordering,lowercased,all,retrained,0.8,0.9,1308,1308.0,0.8536437240397894,0.7813455657492355
FL,ordering,lowercased,all,retrained,0.9,1.0,16628,16628.0,0.9875061508874811,0.9761847486167909
FL,ordering,lowercased,lookup_supported,retrained,0.5,0.6,454,454.0,0.5508529382392698,0.5682819383259912
FL,ordering,lowercased,lookup_supported,retrained,0.6,0.7,499,499.0,0.6501033410041748,0.6052104208416834
FL,ordering,lowercased,lookup_supported,retrained,0.7,0.8,618,618.0,0.7522651726759754,0.6456310679611651
FL,ordering,lowercased,lookup_supported,retrained,0.8,0.9,981,981.0,0.8536665927501021,0.7798165137614679
FL,ordering,lowercased,lookup_supported,retrained,0.9,1.0,10121,10121.0,0.9853536742806093,0.9682837664262425
FL,ordering,lowercased,lookup_unsupported,retrained,0.5,0.6,149,149.0,0.5467537473512176,0.5838926174496645
FL,ordering,lowercased,lookup_unsupported,retrained,0.6,0.7,149,149.0,0.6521838351384105,0.6174496644295302
FL,ordering,lowercased,lookup_unsupported,retrained,0.7,0.8,193,193.0,0.754021328965617,0.7150259067357513
FL,ordering,lowercased,lookup_unsupported,retrained,0.8,0.9,327,327.0,0.8535751179088511,0.7859327217125383
FL,ordering,lowercased,lookup_unsupported,retrained,0.9,1.0,6507,6507.0,0.9908541170374963,0.9884739511295528
FL,ordering,lowercased,model_seen,retrained,0.5,0.6,1,1.0,0.5591510534286499,1.0
FL,ordering,lowercased,model_seen,retrained,0.6,0.7,10,10.0,0.6685284018516541,0.7
FL,ordering,lowercased,model_seen,retrained,0.7,0.8,3,3.0,0.7401424249013265,0.3333333333333333
FL,ordering,lowercased,model_seen,retrained,0.8,0.9,9,9.0,0.8259082833925883,0.3333333333333333
FL,ordering,lowercased,model_seen,retrained,0.9,1.0,11,11.0,0.9573756835677407,0.18181818181818182
FL,ordering,lowercased,model_unseen,retrained,0.5,0.6,602,602.0,0.5498245702035404,0.5714285714285714
FL,ordering,lowercased,model_unseen,retrained,0.6,0.7,638,638.0,0.6503004303733383,0.6065830721003135
FL,ordering,lowercased,model_unseen,retrained,0.7,0.8,808,808.0,0.7527296608037287,0.6633663366336634
FL,ordering,lowercased,model_unseen,retrained,0.8,0.9,1299,1299.0,0.853835886446121,0.7844495765973826
FL,ordering,lowercased,model_unseen,retrained,0.9,1.0,16617,16617.0,0.9875260964336396,0.9767105975807907
FL,ordering,lowercased,2,retrained,0.5,0.6,573,573.0,0.5498719033354448,0.5706806282722513
FL,ordering,lowercased,2,retrained,0.6,0.7,616,616.0,0.650272119354892,0.6038961038961039
FL,ordering,lowercased,2,retrained,0.7,0.8,787,787.0,0.7528445940308528,0.6556543837357052
FL,ordering,lowercased,2,retrained,0.8,0.9,1242,1242.0,0.8536501546028924,0.7753623188405797
FL,ordering,lowercased,2,retrained,0.9,1.0,15802,15802.0,0.9874043256976064,0.9753828629287432
FL,ordering,lowercased,3+,retrained,0.5,0.6,30,30.0,0.5492313901583353,0.6
FL,ordering,lowercased,3+,retrained,0.6,0.7,32,32.0,0.656541658565402,0.6875
FL,ordering,lowercased,3+,retrained,0.7,0.8,24,24.0,0.7473874042431513,0.875
FL,ordering,lowercased,3+,retrained,0.8,0.9,66,66.0,0.8535227125341242,0.8939393939393939
FL,ordering,lowercased,3+,retrained,0.9,1.0,826,826.0,0.9894541432003132,0.9915254237288136
FL,ordering,lowercased,all,frequency,0.5,0.6,4026,4026.0,0.5022939420074795,0.5094386487829111
FL,ordering,lowercased,all,frequency,0.6,0.7,187,187.0,0.6470038617134707,0.7914438502673797
FL,ordering,lowercased,all,frequency,0.7,0.8,221,221.0,0.7552959167557859,0.7375565610859729
FL,ordering,lowercased,all,frequency,0.8,0.9,473,473.0,0.8564889430878544,0.8921775898520085
FL,ordering,lowercased,all,frequency,0.9,1.0,15091,15091.0,0.9959711999737303,0.4277383871181499
FL,ordering,lowercased,lookup_supported,frequency,0.5,0.6,3749,3749.0,0.5000533127607406,0.5006668444918645
FL,ordering,lowercased,lookup_supported,frequency,0.6,0.7,3,3.0,0.6197132419474055,1.0
FL,ordering,lowercased,lookup_supported,frequency,0.7,0.8,8,8.0,0.7471577729777243,0.75
FL,ordering,lowercased,lookup_supported,frequency,0.8,0.9,12,12.0,0.851674798872327,0.5833333333333334
FL,ordering,lowercased,lookup_supported,frequency,0.9,1.0,8901,8901.0,0.9998588502837932,0.0661723401864959
FL,ordering,lowercased,lookup_unsupported,frequency,0.5,0.6,277,277.0,0.5326192815238129,0.628158844765343
FL,ordering,lowercased,lookup_unsupported,frequency,0.6,0.7,184,184.0,0.6474488174705262,0.7880434782608695
FL,ordering,lowercased,lookup_unsupported,frequency,0.7,0.8,213,213.0,0.7556015747380606,0.7370892018779343
FL,ordering,lowercased,lookup_unsupported,frequency,0.8,0.9,461,461.0,0.8566142570370656,0.9002169197396963
FL,ordering,lowercased,lookup_unsupported,frequency,0.9,1.0,6190,6190.0,0.9903808969995999,0.9476575121163167
FL,ordering,lowercased,model_seen,frequency,0.9,1.0,34,34.0,1.0,0.0
FL,ordering,lowercased,model_unseen,frequency,0.5,0.6,4026,4026.0,0.5022939420074795,0.5094386487829111
FL,ordering,lowercased,model_unseen,frequency,0.6,0.7,187,187.0,0.6470038617134707,0.7914438502673797
FL,ordering,lowercased,model_unseen,frequency,0.7,0.8,221,221.0,0.7552959167557859,0.7375565610859729
FL,ordering,lowercased,model_unseen,frequency,0.8,0.9,473,473.0,0.8564889430878544,0.8921775898520085
FL,ordering,lowercased,model_unseen,frequency,0.9,1.0,15057,15057.0,0.9959621025970357,0.42870425715614
FL,ordering,lowercased,2,frequency,0.5,0.6,3958,3958.0,0.5022615419971485,0.506821627084386
FL,ordering,lowercased,2,frequency,0.6,0.7,180,180.0,0.6470848657258419,0.7888888888888889
FL,ordering,lowercased,2,frequency,0.7,0.8,203,203.0,0.756051399221973,0.7586206896551724
FL,ordering,lowercased,2,frequency,0.8,0.9,454,454.0,0.8565840766528158,0.8986784140969163
FL,ordering,lowercased,2,frequency,0.9,1.0,14225,14225.0,0.9958953524432805,0.4046397188049209
FL,ordering,lowercased,3+,frequency,0.5,0.6,68,68.0,0.5041798131970472,0.6617647058823529
FL,ordering,lowercased,3+,frequency,0.6,0.7,7,7.0,0.6449209013953545,0.8571428571428571
FL,ordering,lowercased,3+,frequency,0.7,0.8,18,18.0,0.7467757533871209,0.5
FL,ordering,lowercased,3+,frequency,0.8,0.9,19,19.0,0.8542157515882537,0.7368421052631579
FL,ordering,lowercased,3+,frequency,0.9,1.0,866,866.0,0.9972170788659349,0.8071593533487298
FL,ordering,lowercased,all,majority,0.5,0.6,19998,19998.0,0.5000012500968826,0.5
FL,ordering,lowercased,lookup_supported,majority,0.5,0.6,12673,12673.0,0.5000012500968826,0.49940819064152137
FL,ordering,lowercased,lookup_unsupported,majority,0.5,0.6,7325,7325.0,0.5000012500968827,0.5010238907849829
FL,ordering,lowercased,model_seen,majority,0.5,0.6,34,34.0,0.5000012500968825,0.7058823529411765
FL,ordering,lowercased,model_unseen,majority,0.5,0.6,19964,19964.0,0.5000012500968826,0.4996493688639551
FL,ordering,lowercased,2,majority,0.5,0.6,19020,19020.0,0.5000012500968823,0.5002103049421661
FL,ordering,lowercased,3+,majority,0.5,0.6,978,978.0,0.5000012500968826,0.49591002044989774
NC,single_record_weighted,as_is,all,published,0.5,0.6,12778,12778.0,0.551407353067122,0.5204257317264047
NC,single_record_weighted,as_is,all,published,0.6,0.7,12851,12851.0,0.6486627768657613,0.5593339039763443
NC,single_record_weighted,as_is,all,published,0.7,0.8,6581,6581.0,0.7371536779323984,0.5330496884971889
NC,single_record_weighted,as_is,all,published,0.8,0.9,1288,1288.0,0.8361224889847803,0.48757763975155277
NC,single_record_weighted,as_is,all,published,0.9,1.0,6342,6342.0,0.9923735451750935,0.5690633869441817
NC,single_record_weighted,as_is,lookup_supported,published,0.5,0.6,12209,12209.0,0.5514239502613175,0.5233843885658122
NC,single_record_weighted,as_is,lookup_supported,published,0.6,0.7,12339,12339.0,0.6486783340526212,0.5637409838722749
NC,single_record_weighted,as_is,lookup_supported,published,0.7,0.8,6256,6256.0,0.7369656411316389,0.5398017902813299
NC,single_record_weighted,as_is,lookup_supported,published,0.8,0.9,1209,1209.0,0.8356534963900437,0.4880066170388751
NC,single_record_weighted,as_is,lookup_supported,published,0.9,1.0,5748,5748.0,0.9921841176956498,0.5793319415448852
NC,single_record_weighted,as_is,lookup_unsupported,published,0.5,0.6,569,569.0,0.5510512280338469,0.45694200351493847
NC,single_record_weighted,as_is,lookup_unsupported,published,0.6,0.7,512,512.0,0.6482878547394648,0.453125
NC,single_record_weighted,as_is,lookup_unsupported,published,0.7,0.8,325,325.0,0.7407732417033269,0.40307692307692305
NC,single_record_weighted,as_is,lookup_unsupported,published,0.8,0.9,79,79.0,0.8432998566687862,0.4810126582278481
NC,single_record_weighted,as_is,lookup_unsupported,published,0.9,1.0,594,594.0,0.9942065908852651,0.4696969696969697
NC,single_record_weighted,as_is,model_seen,published,0.5,0.6,11276,11276.0,0.5515265076105034,0.5282901738205037
NC,single_record_weighted,as_is,model_seen,published,0.6,0.7,11381,11381.0,0.6488187550011046,0.5765749934100695
NC,single_record_weighted,as_is,model_seen,published,0.7,0.8,5817,5817.0,0.7370029750078512,0.5537218497507306
NC,single_record_weighted,as_is,model_seen,published,0.8,0.9,1127,1127.0,0.8357943445576327,0.487133984028394
NC,single_record_weighted,as_is,model_seen,published,0.9,1.0,5177,5177.0,0.992095307894418,0.5802588371643809
NC,single_record_weighted,as_is,model_unseen,published,0.5,0.6,1502,1502.0,0.5505128213552914,0.4613848202396804
NC,single_record_weighted,as_is,model_unseen,published,0.6,0.7,1470,1470.0,0.6474551665539644,0.42585034013605444
NC,single_record_weighted,as_is,model_unseen,published,0.7,0.8,764,764.0,0.738301111063408,0.3756544502617801
NC,single_record_weighted,as_is,model_unseen,published,0.8,0.9,161,161.0,0.8384194999748136,0.4906832298136646
NC,single_record_weighted,as_is,model_unseen,published,0.9,1.0,1165,1165.0,0.993609969554541,0.51931330472103
NC,single_record_weighted,as_is,all,fixed_inference,0.5,0.6,21723,21723.0,0.5460579956191924,0.7098927404133867
NC,single_record_weighted,as_is,all,fixed_inference,0.6,0.7,6079,6079.0,0.6356411059154925,0.8789274551735483
NC,single_record_weighted,as_is,all,fixed_inference,0.7,0.8,291,291.0,0.7227265824567002,0.9312714776632303
NC,single_record_weighted,as_is,all,fixed_inference,0.8,0.9,190,190.0,0.8302462308030379,0.9947368421052631
NC,single_record_weighted,as_is,all,fixed_inference,0.9,1.0,11557,11557.0,0.9994540545131092,0.9530154884485593
NC,single_record_weighted,as_is,lookup_supported,fixed_inference,0.5,0.6,21650,21650.0,0.5460549037891502,0.7096997690531178
NC,single_record_weighted,as_is,lookup_supported,fixed_inference,0.6,0.7,6054,6054.0,0.6355897151856758,0.8795837462834489
NC,single_record_weighted,as_is,lookup_supported,fixed_inference,0.7,0.8,285,285.0,0.7223382696770785,0.9438596491228071
NC,single_record_weighted,as_is,lookup_supported,fixed_inference,0.8,0.9,182,182.0,0.8291110406210135,0.9945054945054945
NC,single_record_weighted,as_is,lookup_supported,fixed_inference,0.9,1.0,9590,9590.0,0.999461695492827,0.9559958289885297
NC,single_record_weighted,as_is,lookup_unsupported,fixed_inference,0.5,0.6,73,73.0,0.5469749561727864,0.7671232876712328
NC,single_record_weighted,as_is,lookup_unsupported,fixed_inference,0.6,0.7,25,25.0,0.6480858850479126,0.72
NC,single_record_weighted,as_is,lookup_unsupported,fixed_inference,0.7,0.8,6,6.0,0.7411714394887289,0.3333333333333333
NC,single_record_weighted,as_is,lookup_unsupported,fixed_inference,0.8,0.9,8,8.0,0.8560718074440956,1.0
NC,single_record_weighted,as_is,lookup_unsupported,fixed_inference,0.9,1.0,1967,1967.0,0.9994168013379727,0.938485002541942
NC,single_record_weighted,as_is,model_seen,fixed_inference,0.5,0.6,20693,20693.0,0.5461768252406108,0.712511477311168
NC,single_record_weighted,as_is,model_seen,fixed_inference,0.6,0.7,5933,5933.0,0.6356797074359403,0.8810045508174617
NC,single_record_weighted,as_is,model_seen,fixed_inference,0.7,0.8,264,264.0,0.7230009373390314,0.9431818181818182
NC,single_record_weighted,as_is,model_seen,fixed_inference,0.8,0.9,178,178.0,0.82832421780972,1.0
NC,single_record_weighted,as_is,model_seen,fixed_inference,0.9,1.0,7710,7710.0,0.9994101722648635,0.9543450064850844
NC,single_record_weighted,as_is,model_unseen,fixed_inference,0.5,0.6,1030,1030.0,0.543670673914326,0.6572815533980583
NC,single_record_weighted,as_is,model_unseen,fixed_inference,0.6,0.7,146,146.0,0.6340724564578435,0.7945205479452054
NC,single_record_weighted,as_is,model_unseen,fixed_inference,0.7,0.8,27,27.0,0.7200440013850177,0.8148148148148148
NC,single_record_weighted,as_is,model_unseen,fixed_inference,0.8,0.9,12,12.0,0.858756090203921,0.9166666666666666
NC,single_record_weighted,as_is,model_unseen,fixed_inference,0.9,1.0,3847,3847.0,0.999542001519601,0.9503509227969846
NC,single_record_weighted,as_is,all,retrained,0.5,0.6,1703,1703.0,0.55378190272707,0.5813270698766883
NC,single_record_weighted,as_is,all,retrained,0.6,0.7,1647,1647.0,0.6501297816118473,0.639344262295082
NC,single_record_weighted,as_is,all,retrained,0.7,0.8,2511,2511.0,0.7529710496815492,0.7363600159299084
NC,single_record_weighted,as_is,all,retrained,0.8,0.9,4788,4788.0,0.8534137274861435,0.8253968253968254
NC,single_record_weighted,as_is,all,retrained,0.9,1.0,29191,29191.0,0.9758445215876173,0.972491521359323
NC,single_record_weighted,as_is,lookup_supported,retrained,0.5,0.6,1597,1597.0,0.5538510964225812,0.5898559799624296
NC,single_record_weighted,as_is,lookup_supported,retrained,0.6,0.7,1520,1520.0,0.649406690189713,0.6375
NC,single_record_weighted,as_is,lookup_supported,retrained,0.7,0.8,2402,2402.0,0.7529505840646139,0.7418817651956703
NC,single_record_weighted,as_is,lookup_supported,retrained,0.8,0.9,4505,4505.0,0.8534347685936685,0.8248612652608213
NC,single_record_weighted,as_is,lookup_supported,retrained,0.9,1.0,27737,27737.0,0.975970074683229,0.9734289937628439
NC,single_record_weighted,as_is,lookup_unsupported,retrained,0.5,0.6,106,106.0,0.5527394278994147,0.4528301886792453
NC,single_record_weighted,as_is,lookup_unsupported,retrained,0.6,0.7,127,127.0,0.6587841041444793,0.6614173228346457
NC,single_record_weighted,as_is,lookup_unsupported,retrained,0.7,0.8,109,109.0,0.7534220442859405,0.6146788990825688
NC,single_record_weighted,as_is,lookup_unsupported,retrained,0.8,0.9,283,283.0,0.8530787798204186,0.833922261484099
NC,single_record_weighted,as_is,lookup_unsupported,retrained,0.9,1.0,1454,1454.0,0.97344942790606,0.9546079779917469
NC,single_record_weighted,as_is,model_seen,retrained,0.5,0.6,1412,1412.0,0.5539174945259905,0.6041076487252125
NC,single_record_weighted,as_is,model_seen,retrained,0.6,0.7,1341,1341.0,0.6487052902012597,0.6442953020134228
NC,single_record_weighted,as_is,model_seen,retrained,0.7,0.8,2156,2156.0,0.7527077366668793,0.7402597402597403
NC,single_record_weighted,as_is,model_seen,retrained,0.8,0.9,4087,4087.0,0.8531427560472127,0.8316613653046244
NC,single_record_weighted,as_is,model_seen,retrained,0.9,1.0,25782,25782.0,0.9763533832348861,0.97556434721899
NC,single_record_weighted,as_is,model_unseen,retrained,0.5,0.6,291,291.0,0.553123979634026,0.47079037800687284
NC,single_record_weighted,as_is,model_unseen,retrained,0.6,0.7,306,306.0,0.6563724057347167,0.6176470588235294
NC,single_record_weighted,as_is,model_unseen,retrained,0.7,0.8,355,355.0,0.7545702126664176,0.7126760563380282
NC,single_record_weighted,as_is,model_unseen,retrained,0.8,0.9,701,701.0,0.8549935566885836,0.7888730385164051
NC,single_record_weighted,as_is,model_unseen,retrained,0.9,1.0,3409,3409.0,0.9719960408044303,0.9492519800528014
NC,single_record_weighted,as_is,all,frequency,0.5,0.6,2889,2889.0,0.5238731045397553,0.29041190723433713
NC,single_record_weighted,as_is,all,frequency,0.6,0.7,936,936.0,0.6521367324130811,0.6634615384615384
NC,single_record_weighted,as_is,all,frequency,0.7,0.8,1278,1278.0,0.7544823791212439,0.7683881064162754
NC,single_record_weighted,as_is,all,frequency,0.8,0.9,2132,2132.0,0.8596459664375237,0.8658536585365854
NC,single_record_weighted,as_is,all,frequency,0.9,1.0,32605,32605.0,0.9905441343461814,0.905627971170066
NC,single_record_weighted,as_is,lookup_supported,frequency,0.5,0.6,810,810.0,0.5574177323071919,0.5641975308641975
NC,single_record_weighted,as_is,lookup_supported,frequency,0.6,0.7,936,936.0,0.6521367324130811,0.6634615384615384
NC,single_record_weighted,as_is,lookup_supported,frequency,0.7,0.8,1278,1278.0,0.7544823791212439,0.7683881064162754
NC,single_record_weighted,as_is,lookup_supported,frequency,0.8,0.9,2132,2132.0,0.8596459664375237,0.8658536585365854
NC,single_record_weighted,as_is,lookup_supported,frequency,0.9,1.0,32605,32605.0,0.9905441343461814,0.905627971170066
NC,single_record_weighted,as_is,lookup_unsupported,frequency,0.5,0.6,2079,2079.0,0.5108037690459487,0.18374218374218373
NC,single_record_weighted,as_is,model_seen,frequency,0.5,0.6,776,776.0,0.5586836462357111,0.5657216494845361
NC,single_record_weighted,as_is,model_seen,frequency,0.6,0.7,894,894.0,0.6525610012240973,0.668903803131991
NC,single_record_weighted,as_is,model_seen,frequency,0.7,0.8,1232,1232.0,0.7548394660377904,0.7702922077922078
NC,single_record_weighted,as_is,model_seen,frequency,0.8,0.9,2064,2064.0,0.8601723380215119,0.8706395348837209
NC,single_record_weighted,as_is,model_seen,frequency,0.9,1.0,29812,29812.0,0.989850800865485,0.9330135515899638
NC,single_record_weighted,as_is,model_unseen,frequency,0.5,0.6,2113,2113.0,0.5110889207460677,0.18930430667297682
NC,single_record_weighted,as_is,model_unseen,frequency,0.6,0.7,42,42.0,0.6431058677214524,0.5476190476190477
NC,single_record_weighted,as_is,model_unseen,frequency,0.7,0.8,46,46.0,0.7449186599650423,0.717391304347826
NC,single_record_weighted,as_is,model_unseen,frequency,0.8,0.9,68,68.0,0.843669040711762,0.7205882352941176
NC,single_record_weighted,as_is,model_unseen,frequency,0.9,1.0,2793,2793.0,0.9979446562675975,0.6133190118152524
NC,single_record_weighted,as_is,all,majority,0.5,0.6,39840,39840.0,0.5108696907518124,0.5004518072289157
NC,single_record_weighted,as_is,lookup_supported,majority,0.5,0.6,37761,37761.0,0.5108696907518122,0.51788882709674
NC,single_record_weighted,as_is,lookup_unsupported,majority,0.5,0.6,2079,2079.0,0.5108696907518124,0.18374218374218373
NC,single_record_weighted,as_is,model_seen,majority,0.5,0.6,34778,34778.0,0.5108696907518123,0.5418080395652424
NC,single_record_weighted,as_is,model_unseen,majority,0.5,0.6,5062,5062.0,0.5108696907518123,0.2163176610035559
NC,single_record_weighted,lowercased,all,published,0.5,0.6,1001,1001.0,0.5372619856368531,0.42857142857142855
NC,single_record_weighted,lowercased,all,published,0.6,0.7,552,552.0,0.6443252131558846,0.4492753623188406
NC,single_record_weighted,lowercased,all,published,0.7,0.8,143,143.0,0.7571861418810758,0.4825174825174825
NC,single_record_weighted,lowercased,all,published,0.8,0.9,212,212.0,0.8511417980464,0.5141509433962265
NC,single_record_weighted,lowercased,all,published,0.9,1.0,37932,37932.0,0.9987887451037266,0.7685595275756617
NC,single_record_weighted,lowercased,lookup_supported,published,0.5,0.6,981,981.0,0.537306093112409,0.42813455657492355
NC,single_record_weighted,lowercased,lookup_supported,published,0.6,0.7,535,535.0,0.6443228289345715,0.44299065420560746
NC,single_record_weighted,lowercased,lookup_supported,published,0.7,0.8,134,134.0,0.7581146564056624,0.4701492537313433
NC,single_record_weighted,lowercased,lookup_supported,published,0.8,0.9,205,205.0,0.8512316727056736,0.5121951219512195
NC,single_record_weighted,lowercased,lookup_supported,published,0.9,1.0,35906,35906.0,0.9987575003016873,0.7633264635436975
NC,single_record_weighted,lowercased,lookup_unsupported,published,0.5,0.6,20,20.0,0.5350985139608383,0.45
NC,single_record_weighted,lowercased,lookup_unsupported,published,0.6,0.7,17,17.0,0.6444002460030949,0.6470588235294118
NC,single_record_weighted,lowercased,lookup_unsupported,published,0.7,0.8,9,9.0,0.7433615922927856,0.6666666666666666
NC,single_record_weighted,lowercased,lookup_unsupported,published,0.8,0.9,7,7.0,0.8485097544533866,0.5714285714285714
NC,single_record_weighted,lowercased,lookup_unsupported,published,0.9,1.0,2026,2026.0,0.99934248442358,0.8613030602171767
NC,single_record_weighted,lowercased,model_seen,published,0.5,0.6,934,934.0,0.5368709178118941,0.4229122055674518
NC,single_record_weighted,lowercased,model_seen,published,0.6,0.7,515,515.0,0.6443673209079261,0.4446601941747573
NC,single_record_weighted,lowercased,model_seen,published,0.7,0.8,107,107.0,0.7557117799732173,0.37383177570093457
NC,single_record_weighted,lowercased,model_seen,published,0.8,0.9,181,181.0,0.8520061400055227,0.5138121546961326
NC,single_record_weighted,lowercased,model_seen,published,0.9,1.0,33041,33041.0,0.9987379796607945,0.7581792318634424
NC,single_record_weighted,lowercased,model_unseen,published,0.5,0.6,67,67.0,0.5427135878534459,0.5074626865671642
NC,single_record_weighted,lowercased,model_unseen,published,0.6,0.7,37,37.0,0.6437391187693622,0.5135135135135135
NC,single_record_weighted,lowercased,model_unseen,published,0.7,0.8,36,36.0,0.7615682731072108,0.8055555555555556
NC,single_record_weighted,lowercased,model_unseen,published,0.8,0.9,31,31.0,0.8460951562850706,0.5161290322580645
NC,single_record_weighted,lowercased,model_unseen,published,0.9,1.0,4891,4891.0,0.9991316894913617,0.8386832958495195
NC,single_record_weighted,lowercased,all,fixed_inference,0.5,0.6,21723,21723.0,0.5460579956191924,0.7098927404133867
NC,single_record_weighted,lowercased,all,fixed_inference,0.6,0.7,6079,6079.0,0.6356411059154925,0.8789274551735483
NC,single_record_weighted,lowercased,all,fixed_inference,0.7,0.8,291,291.0,0.7227265824567002,0.9312714776632303
NC,single_record_weighted,lowercased,all,fixed_inference,0.8,0.9,190,190.0,0.8302462308030379,0.9947368421052631
NC,single_record_weighted,lowercased,all,fixed_inference,0.9,1.0,11557,11557.0,0.9994540545131092,0.9530154884485593
NC,single_record_weighted,lowercased,lookup_supported,fixed_inference,0.5,0.6,21650,21650.0,0.5460549037891502,0.7096997690531178
NC,single_record_weighted,lowercased,lookup_supported,fixed_inference,0.6,0.7,6054,6054.0,0.6355897151856758,0.8795837462834489
NC,single_record_weighted,lowercased,lookup_supported,fixed_inference,0.7,0.8,285,285.0,0.7223382696770785,0.9438596491228071
NC,single_record_weighted,lowercased,lookup_supported,fixed_inference,0.8,0.9,182,182.0,0.8291110406210135,0.9945054945054945
NC,single_record_weighted,lowercased,lookup_supported,fixed_inference,0.9,1.0,9590,9590.0,0.999461695492827,0.9559958289885297
NC,single_record_weighted,lowercased,lookup_unsupported,fixed_inference,0.5,0.6,73,73.0,0.5469749561727864,0.7671232876712328
NC,single_record_weighted,lowercased,lookup_unsupported,fixed_inference,0.6,0.7,25,25.0,0.6480858850479126,0.72
NC,single_record_weighted,lowercased,lookup_unsupported,fixed_inference,0.7,0.8,6,6.0,0.7411714394887289,0.3333333333333333
NC,single_record_weighted,lowercased,lookup_unsupported,fixed_inference,0.8,0.9,8,8.0,0.8560718074440956,1.0
NC,single_record_weighted,lowercased,lookup_unsupported,fixed_inference,0.9,1.0,1967,1967.0,0.9994168013379727,0.938485002541942
NC,single_record_weighted,lowercased,model_seen,fixed_inference,0.5,0.6,20693,20693.0,0.5461768252406108,0.712511477311168
NC,single_record_weighted,lowercased,model_seen,fixed_inference,0.6,0.7,5933,5933.0,0.6356797074359403,0.8810045508174617
NC,single_record_weighted,lowercased,model_seen,fixed_inference,0.7,0.8,264,264.0,0.7230009373390314,0.9431818181818182
NC,single_record_weighted,lowercased,model_seen,fixed_inference,0.8,0.9,178,178.0,0.82832421780972,1.0
NC,single_record_weighted,lowercased,model_seen,fixed_inference,0.9,1.0,7710,7710.0,0.9994101722648635,0.9543450064850844
NC,single_record_weighted,lowercased,model_unseen,fixed_inference,0.5,0.6,1030,1030.0,0.543670673914326,0.6572815533980583
NC,single_record_weighted,lowercased,model_unseen,fixed_inference,0.6,0.7,146,146.0,0.6340724564578435,0.7945205479452054
NC,single_record_weighted,lowercased,model_unseen,fixed_inference,0.7,0.8,27,27.0,0.7200440013850177,0.8148148148148148
NC,single_record_weighted,lowercased,model_unseen,fixed_inference,0.8,0.9,12,12.0,0.858756090203921,0.9166666666666666
NC,single_record_weighted,lowercased,model_unseen,fixed_inference,0.9,1.0,3847,3847.0,0.999542001519601,0.9503509227969846
NC,single_record_weighted,lowercased,all,retrained,0.5,0.6,1703,1703.0,0.55378190272707,0.5813270698766883
NC,single_record_weighted,lowercased,all,retrained,0.6,0.7,1647,1647.0,0.6501297816118473,0.639344262295082
NC,single_record_weighted,lowercased,all,retrained,0.7,0.8,2511,2511.0,0.7529710496815492,0.7363600159299084
NC,single_record_weighted,lowercased,all,retrained,0.8,0.9,4788,4788.0,0.8534137274861435,0.8253968253968254
NC,single_record_weighted,lowercased,all,retrained,0.9,1.0,29191,29191.0,0.9758445215876173,0.972491521359323
NC,single_record_weighted,lowercased,lookup_supported,retrained,0.5,0.6,1597,1597.0,0.5538510964225812,0.5898559799624296
NC,single_record_weighted,lowercased,lookup_supported,retrained,0.6,0.7,1520,1520.0,0.649406690189713,0.6375
NC,single_record_weighted,lowercased,lookup_supported,retrained,0.7,0.8,2402,2402.0,0.7529505840646139,0.7418817651956703
NC,single_record_weighted,lowercased,lookup_supported,retrained,0.8,0.9,4505,4505.0,0.8534347685936685,0.8248612652608213
NC,single_record_weighted,lowercased,lookup_supported,retrained,0.9,1.0,27737,27737.0,0.975970074683229,0.9734289937628439
NC,single_record_weighted,lowercased,lookup_unsupported,retrained,0.5,0.6,106,106.0,0.5527394278994147,0.4528301886792453
NC,single_record_weighted,lowercased,lookup_unsupported,retrained,0.6,0.7,127,127.0,0.6587841041444793,0.6614173228346457
NC,single_record_weighted,lowercased,lookup_unsupported,retrained,0.7,0.8,109,109.0,0.7534220442859405,0.6146788990825688
NC,single_record_weighted,lowercased,lookup_unsupported,retrained,0.8,0.9,283,283.0,0.8530787798204186,0.833922261484099
NC,single_record_weighted,lowercased,lookup_unsupported,retrained,0.9,1.0,1454,1454.0,0.97344942790606,0.9546079779917469
NC,single_record_weighted,lowercased,model_seen,retrained,0.5,0.6,1412,1412.0,0.5539174945259905,0.6041076487252125
NC,single_record_weighted,lowercased,model_seen,retrained,0.6,0.7,1341,1341.0,0.6487052902012597,0.6442953020134228
NC,single_record_weighted,lowercased,model_seen,retrained,0.7,0.8,2156,2156.0,0.7527077366668793,0.7402597402597403
NC,single_record_weighted,lowercased,model_seen,retrained,0.8,0.9,4087,4087.0,0.8531427560472127,0.8316613653046244
NC,single_record_weighted,lowercased,model_seen,retrained,0.9,1.0,25782,25782.0,0.9763533832348861,0.97556434721899
NC,single_record_weighted,lowercased,model_unseen,retrained,0.5,0.6,291,291.0,0.553123979634026,0.47079037800687284
NC,single_record_weighted,lowercased,model_unseen,retrained,0.6,0.7,306,306.0,0.6563724057347167,0.6176470588235294
NC,single_record_weighted,lowercased,model_unseen,retrained,0.7,0.8,355,355.0,0.7545702126664176,0.7126760563380282
NC,single_record_weighted,lowercased,model_unseen,retrained,0.8,0.9,701,701.0,0.8549935566885836,0.7888730385164051
NC,single_record_weighted,lowercased,model_unseen,retrained,0.9,1.0,3409,3409.0,0.9719960408044303,0.9492519800528014
NC,single_record_weighted,lowercased,all,frequency,0.5,0.6,2889,2889.0,0.5238731045397553,0.29041190723433713
NC,single_record_weighted,lowercased,all,frequency,0.6,0.7,936,936.0,0.6521367324130811,0.6634615384615384
NC,single_record_weighted,lowercased,all,frequency,0.7,0.8,1278,1278.0,0.7544823791212439,0.7683881064162754
NC,single_record_weighted,lowercased,all,frequency,0.8,0.9,2132,2132.0,0.8596459664375237,0.8658536585365854
NC,single_record_weighted,lowercased,all,frequency,0.9,1.0,32605,32605.0,0.9905441343461814,0.905627971170066
NC,single_record_weighted,lowercased,lookup_supported,frequency,0.5,0.6,810,810.0,0.5574177323071919,0.5641975308641975
NC,single_record_weighted,lowercased,lookup_supported,frequency,0.6,0.7,936,936.0,0.6521367324130811,0.6634615384615384
NC,single_record_weighted,lowercased,lookup_supported,frequency,0.7,0.8,1278,1278.0,0.7544823791212439,0.7683881064162754
NC,single_record_weighted,lowercased,lookup_supported,frequency,0.8,0.9,2132,2132.0,0.8596459664375237,0.8658536585365854
NC,single_record_weighted,lowercased,lookup_supported,frequency,0.9,1.0,32605,32605.0,0.9905441343461814,0.905627971170066
NC,single_record_weighted,lowercased,lookup_unsupported,frequency,0.5,0.6,2079,2079.0,0.5108037690459487,0.18374218374218373
NC,single_record_weighted,lowercased,model_seen,frequency,0.5,0.6,776,776.0,0.5586836462357111,0.5657216494845361
NC,single_record_weighted,lowercased,model_seen,frequency,0.6,0.7,894,894.0,0.6525610012240973,0.668903803131991
NC,single_record_weighted,lowercased,model_seen,frequency,0.7,0.8,1232,1232.0,0.7548394660377904,0.7702922077922078
NC,single_record_weighted,lowercased,model_seen,frequency,0.8,0.9,2064,2064.0,0.8601723380215119,0.8706395348837209
NC,single_record_weighted,lowercased,model_seen,frequency,0.9,1.0,29812,29812.0,0.989850800865485,0.9330135515899638
NC,single_record_weighted,lowercased,model_unseen,frequency,0.5,0.6,2113,2113.0,0.5110889207460677,0.18930430667297682
NC,single_record_weighted,lowercased,model_unseen,frequency,0.6,0.7,42,42.0,0.6431058677214524,0.5476190476190477
NC,single_record_weighted,lowercased,model_unseen,frequency,0.7,0.8,46,46.0,0.7449186599650423,0.717391304347826
NC,single_record_weighted,lowercased,model_unseen,frequency,0.8,0.9,68,68.0,0.843669040711762,0.7205882352941176
NC,single_record_weighted,lowercased,model_unseen,frequency,0.9,1.0,2793,2793.0,0.9979446562675975,0.6133190118152524
NC,single_record_weighted,lowercased,all,majority,0.5,0.6,39840,39840.0,0.5108696907518124,0.5004518072289157
NC,single_record_weighted,lowercased,lookup_supported,majority,0.5,0.6,37761,37761.0,0.5108696907518122,0.51788882709674
NC,single_record_weighted,lowercased,lookup_unsupported,majority,0.5,0.6,2079,2079.0,0.5108696907518124,0.18374218374218373
NC,single_record_weighted,lowercased,model_seen,majority,0.5,0.6,34778,34778.0,0.5108696907518123,0.5418080395652424
NC,single_record_weighted,lowercased,model_unseen,majority,0.5,0.6,5062,5062.0,0.5108696907518123,0.2163176610035559
NC,single_distinct_name,as_is,all,published,0.5,0.6,11948,11139.0,0.5504177250958242,0.5153160877083044
NC,single_distinct_name,as_is,all,published,0.6,0.7,11854,11079.0,0.6480974605694845,0.5349623595730701
NC,single_distinct_name,as_is,all,published,0.7,0.8,5685,5345.0,0.7386843469903445,0.5375582616991629
NC,single_distinct_name,as_is,all,published,0.8,0.9,1373,1323.0,0.8432479184951551,0.5425015714605051
NC,single_distinct_name,as_is,all,published,0.9,1.0,11402,11114.0,0.9933047003994449,0.46871885045641176
NC,single_distinct_name,as_is,lookup_supported,published,0.5,0.6,6727,5982.0,0.5507338993277958,0.5079712216183958
NC,single_distinct_name,as_is,lookup_supported,published,0.6,0.7,6732,6018.0,0.6482804149894391,0.5251462118756559
NC,single_distinct_name,as_is,lookup_supported,published,0.7,0.8,3180,2868.0,0.7378036737691408,0.5073457517624637
NC,single_distinct_name,as_is,lookup_supported,published,0.8,0.9,647,602.0,0.8430676917697109,0.5174814018084914
NC,single_distinct_name,as_is,lookup_supported,published,0.9,1.0,4130,3871.0,0.9921227838604434,0.5426785297278484
NC,single_distinct_name,as_is,lookup_unsupported,published,0.5,0.6,5221,5157.0,0.5500509703439036,0.5238359614623925
NC,single_distinct_name,as_is,lookup_unsupported,published,0.6,0.7,5122,5061.0,0.6478799107375764,0.5466346727212699
NC,single_distinct_name,as_is,lookup_unsupported,published,0.7,0.8,2505,2477.0,0.7397040364527635,0.5725398840239323
NC,single_distinct_name,as_is,lookup_unsupported,published,0.8,0.9,726,721.0,0.8433983990620311,0.5633921985485941
NC,single_distinct_name,as_is,lookup_unsupported,published,0.9,1.0,7272,7243.0,0.9939363722098099,0.42919131787878756
NC,single_distinct_name,as_is,model_seen,published,0.5,0.6,2251,1820.0,0.5510429951415058,0.48928369335355204
NC,single_distinct_name,as_is,model_seen,published,0.6,0.7,2283,1845.0,0.6478978202594974,0.48305580836038897
NC,single_distinct_name,as_is,model_seen,published,0.7,0.8,1073,888.0,0.7375850764078062,0.4703952803898337
NC,single_distinct_name,as_is,model_seen,published,0.8,0.9,203,179.0,0.8404681302981669,0.5347460074549906
NC,single_distinct_name,as_is,model_seen,published,0.9,1.0,1165,1019.0,0.9917594223658868,0.5521843675815817
NC,single_distinct_name,as_is,model_unseen,published,0.5,0.6,9697,9319.0,0.55029560990287,0.5204002123703548
NC,single_distinct_name,as_is,model_unseen,published,0.6,0.7,9571,9234.0,0.6481373497152422,0.5453335515795026
NC,single_distinct_name,as_is,model_unseen,published,0.7,0.8,4612,4457.0,0.7389033625338253,0.5509396230190383
NC,single_distinct_name,as_is,model_unseen,published,0.8,0.9,1170,1144.0,0.8436828678721314,0.5437150731711582
NC,single_distinct_name,as_is,model_unseen,published,0.9,1.0,10237,10095.0,0.9934606824020397,0.4602937526901365
NC,single_distinct_name,as_is,all,fixed_inference,0.5,0.6,4206,3085.0,0.5437899897898422,0.5664386274301412
NC,single_distinct_name,as_is,all,fixed_inference,0.6,0.7,882,679.0,0.6327778342370608,0.6417357775656448
NC,single_distinct_name,as_is,all,fixed_inference,0.7,0.8,170,159.0,0.7475337221187616,0.5857738232741058
NC,single_distinct_name,as_is,all,fixed_inference,0.8,0.9,201,196.0,0.8502272632049055,0.6458286229767811
NC,single_distinct_name,as_is,all,fixed_inference,0.9,1.0,36803,35881.0,0.9993563120983964,0.9059775536456157
NC,single_distinct_name,as_is,lookup_supported,fixed_inference,0.5,0.6,3594,2484.0,0.5436404223603327,0.5824421686713506
NC,single_distinct_name,as_is,lookup_supported,fixed_inference,0.6,0.7,677,478.0,0.6291168480488047,0.6945644383053189
NC,single_distinct_name,as_is,lookup_supported,fixed_inference,0.7,0.8,43,36.0,0.7428700692123837,0.7066121639050785
NC,single_distinct_name,as_is,lookup_supported,fixed_inference,0.8,0.9,46,43.0,0.8455145081808401,0.7480405450414517
NC,single_distinct_name,as_is,lookup_supported,fixed_inference,0.9,1.0,17056,16300.0,0.9996410260792891,0.9417851107173678
NC,single_distinct_name,as_is,lookup_unsupported,fixed_inference,0.5,0.6,612,601.0,0.5444081686499115,0.5002942073915982
NC,single_distinct_name,as_is,lookup_unsupported,fixed_inference,0.6,0.7,205,201.0,0.6414840600976897,0.516103440085226
NC,single_distinct_name,as_is,lookup_unsupported,fixed_inference,0.7,0.8,127,123.0,0.7488986937011161,0.5504065040650407
NC,single_distinct_name,as_is,lookup_unsupported,fixed_inference,0.8,0.9,155,153.0,0.8515517629829108,0.6171023965141612
NC,single_distinct_name,as_is,lookup_unsupported,fixed_inference,0.9,1.0,19747,19581.0,0.9991193049032302,0.8761699248079893
NC,single_distinct_name,as_is,model_seen,fixed_inference,0.5,0.6,1894,1179.0,0.5428909765046163,0.6150498056619154
NC,single_distinct_name,as_is,model_seen,fixed_inference,0.6,0.7,364,234.0,0.6263352933093014,0.7505878223762508
NC,single_distinct_name,as_is,model_seen,fixed_inference,0.7,0.8,15,11.0,0.7404713901606473,0.896358197213067
NC,single_distinct_name,as_is,model_seen,fixed_inference,0.8,0.9,9,8.0,0.8354324251413345,0.9998845962644698
NC,single_distinct_name,as_is,model_seen,fixed_inference,0.9,1.0,4693,4319.0,0.9997561165485483,0.9633062714500366
NC,single_distinct_name,as_is,model_unseen,fixed_inference,0.5,0.6,2312,1906.0,0.544346095069633,0.5363690685973699
NC,single_distinct_name,as_is,model_unseen,fixed_inference,0.6,0.7,518,445.0,0.6361655973316578,0.584496724788832
NC,single_distinct_name,as_is,model_unseen,fixed_inference,0.7,0.8,155,148.0,0.7480586251697025,0.5626898495353992
NC,single_distinct_name,as_is,model_unseen,fixed_inference,0.8,0.9,192,188.0,0.8508568307820786,0.6307624113475178
NC,single_distinct_name,as_is,model_unseen,fixed_inference,0.9,1.0,32110,31562.0,0.9993016021490837,0.8981325903290548
NC,single_distinct_name,as_is,all,retrained,0.5,0.6,3056,2787.0,0.5512263671146485,0.5371613900065862
NC,single_distinct_name,as_is,all,retrained,0.6,0.7,3287,3011.0,0.6507850833724639,0.5683261048868324
NC,single_distinct_name,as_is,all,retrained,0.7,0.8,4163,3837.0,0.7527296998583466,0.6318076001730457
NC,single_distinct_name,as_is,all,retrained,0.8,0.9,6203,5784.0,0.8545280118494772,0.7128471130371119
NC,single_distinct_name,as_is,all,retrained,0.9,1.0,25553,24581.0,0.9706645201401998,0.8983426949642147
NC,single_distinct_name,as_is,lookup_supported,retrained,0.5,0.6,1642,1396.0,0.5509518859721186,0.5333595051698948
NC,single_distinct_name,as_is,lookup_supported,retrained,0.6,0.7,1760,1507.0,0.6513495694823667,0.5860664393075479
NC,single_distinct_name,as_is,lookup_supported,retrained,0.7,0.8,2245,1946.0,0.752933515796681,0.6574589521060138
NC,single_distinct_name,as_is,lookup_supported,retrained,0.8,0.9,3283,2894.0,0.8543236093967638,0.7514260885049865
NC,single_distinct_name,as_is,lookup_supported,retrained,0.9,1.0,12486,11598.0,0.9692526829152256,0.9182942369578998
NC,single_distinct_name,as_is,lookup_unsupported,retrained,0.5,0.6,1414,1391.0,0.55150183488961,0.54097694085635
NC,single_distinct_name,as_is,lookup_unsupported,retrained,0.6,0.7,1527,1504.0,0.6502194712929269,0.5505503841607565
NC,single_distinct_name,as_is,lookup_unsupported,retrained,0.7,0.8,1918,1891.0,0.7525199559048835,0.6054101750743911
NC,single_distinct_name,as_is,lookup_unsupported,retrained,0.8,0.9,2920,2890.0,0.8547326972121598,0.6742147410633996
NC,single_distinct_name,as_is,lookup_unsupported,retrained,0.9,1.0,13067,12983.0,0.9719257454452332,0.8805195428389155
NC,single_distinct_name,as_is,model_seen,retrained,0.5,0.6,541,406.0,0.5494871648955227,0.5299614394420781
NC,single_distinct_name,as_is,model_seen,retrained,0.6,0.7,541,406.0,0.6523876612996821,0.6215100525846609
NC,single_distinct_name,as_is,model_seen,retrained,0.7,0.8,726,555.0,0.7520105277095829,0.6846373378624212
NC,single_distinct_name,as_is,model_seen,retrained,0.8,0.9,1052,839.0,0.8542962187237336,0.787501521652515
NC,single_distinct_name,as_is,model_seen,retrained,0.9,1.0,4115,3545.0,0.9691264680309591,0.9408467608205547
NC,single_distinct_name,as_is,model_unseen,retrained,0.5,0.6,2515,2381.0,0.5515229299457971,0.5383891010226258
NC,single_distinct_name,as_is,model_unseen,retrained,0.6,0.7,2746,2605.0,0.6505353149891815,0.560037167165021
NC,single_distinct_name,as_is,model_unseen,retrained,0.7,0.8,3437,3282.0,0.7528513148926439,0.6228738693937638
NC,single_distinct_name,as_is,model_unseen,retrained,0.8,0.9,5151,4945.0,0.8545673393383547,0.7001807735369455
NC,single_distinct_name,as_is,model_unseen,retrained,0.9,1.0,21438,21036.0,0.9709237136526193,0.8911798829533417
NC,single_distinct_name,as_is,all,frequency,0.5,0.6,21328,20986.0,0.5111064114845847,0.4358280712268133
NC,single_distinct_name,as_is,all,frequency,0.6,0.7,540,375.0,0.648868236798379,0.5747538685290812
NC,single_distinct_name,as_is,all,frequency,0.7,0.8,486,322.0,0.7445707631079533,0.6362699273470525
NC,single_distinct_name,as_is,all,frequency,0.8,0.9,773,530.0,0.8449900085654956,0.7654475439921835
NC,single_distinct_name,as_is,all,frequency,0.9,1.0,19135,17787.0,0.9974533617116048,0.9442794430864211
NC,single_distinct_name,as_is,lookup_supported,frequency,0.5,0.6,482,327.0,0.5302265648172451,0.5002491657409521
NC,single_distinct_name,as_is,lookup_supported,frequency,0.6,0.7,540,375.0,0.648868236798379,0.5747538685290812
NC,single_distinct_name,as_is,lookup_supported,frequency,0.7,0.8,486,322.0,0.7445707631079533,0.6362699273470525
NC,single_distinct_name,as_is,lookup_supported,frequency,0.8,0.9,773,530.0,0.8449900085654956,0.7654475439921835
NC,single_distinct_name,as_is,lookup_supported,frequency,0.9,1.0,19135,17787.0,0.9974533617116048,0.9442794430864211
NC,single_distinct_name,as_is,lookup_unsupported,frequency,0.5,0.6,20846,20659.0,0.5108037690459488,0.43480838499291413
NC,single_distinct_name,as_is,model_seen,frequency,0.5,0.6,193,117.0,0.543924858584489,0.5285921215698587
NC,single_distinct_name,as_is,model_seen,frequency,0.6,0.7,219,133.0,0.6457530767524448,0.5770968094309592
NC,single_distinct_name,as_is,model_seen,frequency,0.7,0.8,245,143.0,0.7433364666758323,0.6301754081237779
NC,single_distinct_name,as_is,model_seen,frequency,0.8,0.9,400,248.0,0.84934718194749,0.7702403625947334
NC,single_distinct_name,as_is,model_seen,frequency,0.9,1.0,5918,5110.0,0.9940153420033415,0.9635039508797779
NC,single_distinct_name,as_is,model_unseen,frequency,0.5,0.6,21135,20869.0,0.5109224180823763,0.4353079986842795
NC,single_distinct_name,as_is,model_unseen,frequency,0.6,0.7,321,242.0,0.6505802875674255,0.5734662191904459
NC,single_distinct_name,as_is,model_unseen,frequency,0.7,0.8,241,179.0,0.7455568211514915,0.6411387332069868
NC,single_distinct_name,as_is,model_unseen,frequency,0.8,0.9,373,282.0,0.8411581681444509,0.7612325829516433
NC,single_distinct_name,as_is,model_unseen,frequency,0.9,1.0,13217,12677.0,0.9988392006884308,0.936530193672202
NC,single_distinct_name,as_is,all,majority,0.5,0.6,42262,40000.0,0.5108696907518122,0.414052074446409
NC,single_distinct_name,as_is,lookup_supported,majority,0.5,0.6,21416,19341.0,0.5108696907518123,0.39188131700986245
NC,single_distinct_name,as_is,lookup_unsupported,majority,0.5,0.6,20846,20659.0,0.5108696907518123,0.43480838499291413
NC,single_distinct_name,as_is,model_seen,majority,0.5,0.6,6975,5751.0,0.5108696907518122,0.306667953230196
NC,single_distinct_name,as_is,model_unseen,majority,0.5,0.6,35287,34249.0,0.5108696907518122,0.4320837273739234
NC,single_distinct_name,lowercased,all,published,0.5,0.6,641,575.0,0.5431665919138038,0.4415901337166801
NC,single_distinct_name,lowercased,all,published,0.6,0.7,289,261.0,0.6475750068595126,0.4993037279809014
NC,single_distinct_name,lowercased,all,published,0.7,0.8,256,236.0,0.7504474295903061,0.5130922314431277
NC,single_distinct_name,lowercased,all,published,0.8,0.9,394,358.0,0.8534406265399975,0.49433878895433536
NC,single_distinct_name,lowercased,all,published,0.9,1.0,40682,38570.0,0.9989183276945796,0.7930104537425199
NC,single_distinct_name,lowercased,lookup_supported,published,0.5,0.6,383,321.0,0.5431366585125433,0.4076584875580644
NC,single_distinct_name,lowercased,lookup_supported,published,0.6,0.7,177,151.0,0.6484959603145423,0.5037375281656641
NC,single_distinct_name,lowercased,lookup_supported,published,0.7,0.8,121,102.0,0.7537082410326191,0.5229388884370405
NC,single_distinct_name,lowercased,lookup_supported,published,0.8,0.9,220,186.0,0.8530291171484096,0.5267380991701723
NC,single_distinct_name,lowercased,lookup_supported,published,0.9,1.0,20515,18581.0,0.9988874646647421,0.7965445692861939
NC,single_distinct_name,lowercased,lookup_unsupported,published,0.5,0.6,258,254.0,0.543204421133507,0.48447225346831646
NC,single_distinct_name,lowercased,lookup_unsupported,published,0.6,0.7,112,110.0,0.646310788934881,0.49321732954545455
NC,single_distinct_name,lowercased,lookup_unsupported,published,0.7,0.8,135,134.0,0.7479653193879483,0.5055970149253731
NC,single_distinct_name,lowercased,lookup_unsupported,published,0.8,0.9,174,172.0,0.8538856308820636,0.45930232558139533
NC,single_distinct_name,lowercased,lookup_unsupported,published,0.9,1.0,20167,19989.0,0.9989470167714424,0.7897252768493782
NC,single_distinct_name,lowercased,model_seen,published,0.5,0.6,141,98.0,0.545327964485908,0.4100046926846623
NC,single_distinct_name,lowercased,model_seen,published,0.6,0.7,64,48.0,0.6445504426956177,0.43164883167275914
NC,single_distinct_name,lowercased,model_seen,published,0.7,0.8,45,33.0,0.7518136555498297,0.5581111060144851
NC,single_distinct_name,lowercased,model_seen,published,0.8,0.9,77,55.0,0.8531270157207143,0.5119373162461937
NC,single_distinct_name,lowercased,model_seen,published,0.9,1.0,6648,5517.0,0.9989524870025133,0.8082369489154476
NC,single_distinct_name,lowercased,model_unseen,published,0.5,0.6,500,477.0,0.5427225363329522,0.44807938575260825
NC,single_distinct_name,lowercased,model_unseen,published,0.6,0.7,225,213.0,0.6482565987837706,0.5145499017968208
NC,single_distinct_name,lowercased,model_unseen,published,0.7,0.8,211,203.0,0.7502253337446692,0.5057738922270942
NC,single_distinct_name,lowercased,model_unseen,published,0.8,0.9,317,303.0,0.8534975525963031,0.4911443368056482
NC,single_distinct_name,lowercased,model_unseen,published,0.9,1.0,34034,33053.0,0.9989126260365797,0.7904689424161941
NC,single_distinct_name,lowercased,all,fixed_inference,0.5,0.6,4206,3085.0,0.5437899897898422,0.5664386274301412
NC,single_distinct_name,lowercased,all,fixed_inference,0.6,0.7,882,679.0,0.6327778342370608,0.6417357775656448
NC,single_distinct_name,lowercased,all,fixed_inference,0.7,0.8,170,159.0,0.7475337221187616,0.5857738232741058
NC,single_distinct_name,lowercased,all,fixed_inference,0.8,0.9,201,196.0,0.8502272632049055,0.6458286229767811
NC,single_distinct_name,lowercased,all,fixed_inference,0.9,1.0,36803,35881.0,0.9993563120983964,0.9059775536456157
NC,single_distinct_name,lowercased,lookup_supported,fixed_inference,0.5,0.6,3594,2484.0,0.5436404223603327,0.5824421686713506
NC,single_distinct_name,lowercased,lookup_supported,fixed_inference,0.6,0.7,677,478.0,0.6291168480488047,0.6945644383053189
NC,single_distinct_name,lowercased,lookup_supported,fixed_inference,0.7,0.8,43,36.0,0.7428700692123837,0.7066121639050785
NC,single_distinct_name,lowercased,lookup_supported,fixed_inference,0.8,0.9,46,43.0,0.8455145081808401,0.7480405450414517
NC,single_distinct_name,lowercased,lookup_supported,fixed_inference,0.9,1.0,17056,16300.0,0.9996410260792891,0.9417851107173678
NC,single_distinct_name,lowercased,lookup_unsupported,fixed_inference,0.5,0.6,612,601.0,0.5444081686499115,0.5002942073915982
NC,single_distinct_name,lowercased,lookup_unsupported,fixed_inference,0.6,0.7,205,201.0,0.6414840600976897,0.516103440085226
NC,single_distinct_name,lowercased,lookup_unsupported,fixed_inference,0.7,0.8,127,123.0,0.7488986937011161,0.5504065040650407
NC,single_distinct_name,lowercased,lookup_unsupported,fixed_inference,0.8,0.9,155,153.0,0.8515517629829108,0.6171023965141612
NC,single_distinct_name,lowercased,lookup_unsupported,fixed_inference,0.9,1.0,19747,19581.0,0.9991193049032302,0.8761699248079893
NC,single_distinct_name,lowercased,model_seen,fixed_inference,0.5,0.6,1894,1179.0,0.5428909765046163,0.6150498056619154
NC,single_distinct_name,lowercased,model_seen,fixed_inference,0.6,0.7,364,234.0,0.6263352933093014,0.7505878223762508
NC,single_distinct_name,lowercased,model_seen,fixed_inference,0.7,0.8,15,11.0,0.7404713901606473,0.896358197213067
NC,single_distinct_name,lowercased,model_seen,fixed_inference,0.8,0.9,9,8.0,0.8354324251413345,0.9998845962644698
NC,single_distinct_name,lowercased,model_seen,fixed_inference,0.9,1.0,4693,4319.0,0.9997561165485483,0.9633062714500366
NC,single_distinct_name,lowercased,model_unseen,fixed_inference,0.5,0.6,2312,1906.0,0.544346095069633,0.5363690685973699
NC,single_distinct_name,lowercased,model_unseen,fixed_inference,0.6,0.7,518,445.0,0.6361655973316578,0.584496724788832
NC,single_distinct_name,lowercased,model_unseen,fixed_inference,0.7,0.8,155,148.0,0.7480586251697025,0.5626898495353992
NC,single_distinct_name,lowercased,model_unseen,fixed_inference,0.8,0.9,192,188.0,0.8508568307820786,0.6307624113475178
NC,single_distinct_name,lowercased,model_unseen,fixed_inference,0.9,1.0,32110,31562.0,0.9993016021490837,0.8981325903290548
NC,single_distinct_name,lowercased,all,retrained,0.5,0.6,3056,2787.0,0.5512263671146485,0.5371613900065862
NC,single_distinct_name,lowercased,all,retrained,0.6,0.7,3287,3011.0,0.6507850833724639,0.5683261048868324
NC,single_distinct_name,lowercased,all,retrained,0.7,0.8,4163,3837.0,0.7527296998583466,0.6318076001730457
NC,single_distinct_name,lowercased,all,retrained,0.8,0.9,6203,5784.0,0.8545280118494772,0.7128471130371119
NC,single_distinct_name,lowercased,all,retrained,0.9,1.0,25553,24581.0,0.9706645201401998,0.8983426949642147
NC,single_distinct_name,lowercased,lookup_supported,retrained,0.5,0.6,1642,1396.0,0.5509518859721186,0.5333595051698948
NC,single_distinct_name,lowercased,lookup_supported,retrained,0.6,0.7,1760,1507.0,0.6513495694823667,0.5860664393075479
NC,single_distinct_name,lowercased,lookup_supported,retrained,0.7,0.8,2245,1946.0,0.752933515796681,0.6574589521060138
NC,single_distinct_name,lowercased,lookup_supported,retrained,0.8,0.9,3283,2894.0,0.8543236093967638,0.7514260885049865
NC,single_distinct_name,lowercased,lookup_supported,retrained,0.9,1.0,12486,11598.0,0.9692526829152256,0.9182942369578998
NC,single_distinct_name,lowercased,lookup_unsupported,retrained,0.5,0.6,1414,1391.0,0.55150183488961,0.54097694085635
NC,single_distinct_name,lowercased,lookup_unsupported,retrained,0.6,0.7,1527,1504.0,0.6502194712929269,0.5505503841607565
NC,single_distinct_name,lowercased,lookup_unsupported,retrained,0.7,0.8,1918,1891.0,0.7525199559048835,0.6054101750743911
NC,single_distinct_name,lowercased,lookup_unsupported,retrained,0.8,0.9,2920,2890.0,0.8547326972121598,0.6742147410633996
NC,single_distinct_name,lowercased,lookup_unsupported,retrained,0.9,1.0,13067,12983.0,0.9719257454452332,0.8805195428389155
NC,single_distinct_name,lowercased,model_seen,retrained,0.5,0.6,541,406.0,0.5494871648955227,0.5299614394420781
NC,single_distinct_name,lowercased,model_seen,retrained,0.6,0.7,541,406.0,0.6523876612996821,0.6215100525846609
NC,single_distinct_name,lowercased,model_seen,retrained,0.7,0.8,726,555.0,0.7520105277095829,0.6846373378624212
NC,single_distinct_name,lowercased,model_seen,retrained,0.8,0.9,1052,839.0,0.8542962187237336,0.787501521652515
NC,single_distinct_name,lowercased,model_seen,retrained,0.9,1.0,4115,3545.0,0.9691264680309591,0.9408467608205547
NC,single_distinct_name,lowercased,model_unseen,retrained,0.5,0.6,2515,2381.0,0.5515229299457971,0.5383891010226258
NC,single_distinct_name,lowercased,model_unseen,retrained,0.6,0.7,2746,2605.0,0.6505353149891815,0.560037167165021
NC,single_distinct_name,lowercased,model_unseen,retrained,0.7,0.8,3437,3282.0,0.7528513148926439,0.6228738693937638
NC,single_distinct_name,lowercased,model_unseen,retrained,0.8,0.9,5151,4945.0,0.8545673393383547,0.7001807735369455
NC,single_distinct_name,lowercased,model_unseen,retrained,0.9,1.0,21438,21036.0,0.9709237136526193,0.8911798829533417
NC,single_distinct_name,lowercased,all,frequency,0.5,0.6,21328,20986.0,0.5111064114845847,0.4358280712268133
NC,single_distinct_name,lowercased,all,frequency,0.6,0.7,540,375.0,0.648868236798379,0.5747538685290812
NC,single_distinct_name,lowercased,all,frequency,0.7,0.8,486,322.0,0.7445707631079533,0.6362699273470525
NC,single_distinct_name,lowercased,all,frequency,0.8,0.9,773,530.0,0.8449900085654956,0.7654475439921835
NC,single_distinct_name,lowercased,all,frequency,0.9,1.0,19135,17787.0,0.9974533617116048,0.9442794430864211
NC,single_distinct_name,lowercased,lookup_supported,frequency,0.5,0.6,482,327.0,0.5302265648172451,0.5002491657409521
NC,single_distinct_name,lowercased,lookup_supported,frequency,0.6,0.7,540,375.0,0.648868236798379,0.5747538685290812
NC,single_distinct_name,lowercased,lookup_supported,frequency,0.7,0.8,486,322.0,0.7445707631079533,0.6362699273470525
NC,single_distinct_name,lowercased,lookup_supported,frequency,0.8,0.9,773,530.0,0.8449900085654956,0.7654475439921835
NC,single_distinct_name,lowercased,lookup_supported,frequency,0.9,1.0,19135,17787.0,0.9974533617116048,0.9442794430864211
NC,single_distinct_name,lowercased,lookup_unsupported,frequency,0.5,0.6,20846,20659.0,0.5108037690459488,0.43480838499291413
NC,single_distinct_name,lowercased,model_seen,frequency,0.5,0.6,193,117.0,0.543924858584489,0.5285921215698587
NC,single_distinct_name,lowercased,model_seen,frequency,0.6,0.7,219,133.0,0.6457530767524448,0.5770968094309592
NC,single_distinct_name,lowercased,model_seen,frequency,0.7,0.8,245,143.0,0.7433364666758323,0.6301754081237779
NC,single_distinct_name,lowercased,model_seen,frequency,0.8,0.9,400,248.0,0.84934718194749,0.7702403625947334
NC,single_distinct_name,lowercased,model_seen,frequency,0.9,1.0,5918,5110.0,0.9940153420033415,0.9635039508797779
NC,single_distinct_name,lowercased,model_unseen,frequency,0.5,0.6,21135,20869.0,0.5109224180823763,0.4353079986842795
NC,single_distinct_name,lowercased,model_unseen,frequency,0.6,0.7,321,242.0,0.6505802875674255,0.5734662191904459
NC,single_distinct_name,lowercased,model_unseen,frequency,0.7,0.8,241,179.0,0.7455568211514915,0.6411387332069868
NC,single_distinct_name,lowercased,model_unseen,frequency,0.8,0.9,373,282.0,0.8411581681444509,0.7612325829516433
NC,single_distinct_name,lowercased,model_unseen,frequency,0.9,1.0,13217,12677.0,0.9988392006884308,0.936530193672202
NC,single_distinct_name,lowercased,all,majority,0.5,0.6,42262,40000.0,0.5108696907518122,0.414052074446409
NC,single_distinct_name,lowercased,lookup_supported,majority,0.5,0.6,21416,19341.0,0.5108696907518123,0.39188131700986245
NC,single_distinct_name,lowercased,lookup_unsupported,majority,0.5,0.6,20846,20659.0,0.5108696907518123,0.43480838499291413
NC,single_distinct_name,lowercased,model_seen,majority,0.5,0.6,6975,5751.0,0.5108696907518122,0.306667953230196
NC,single_distinct_name,lowercased,model_unseen,majority,0.5,0.6,35287,34249.0,0.5108696907518122,0.4320837273739234
NC,ordering,as_is,all,published,0.5,0.6,385,385.0,0.5514928813104506,0.4675324675324675
NC,ordering,as_is,all,published,0.6,0.7,426,426.0,0.6510537601132907,0.528169014084507
NC,ordering,as_is,all,published,0.7,0.8,604,604.0,0.7533103107221869,0.5231788079470199
NC,ordering,as_is,all,published,0.8,0.9,934,934.0,0.8549111152997109,0.5149892933618844
NC,ordering,as_is,all,published,0.9,1.0,17648,17648.0,0.9910359382325427,0.5347348141432456
NC,ordering,as_is,lookup_supported,published,0.5,0.6,342,342.0,0.5509398760851364,0.4766081871345029
NC,ordering,as_is,lookup_supported,published,0.6,0.7,377,377.0,0.6514691340512243,0.5251989389920424
NC,ordering,as_is,lookup_supported,published,0.7,0.8,533,533.0,0.7536015100148113,0.5178236397748592
NC,ordering,as_is,lookup_supported,published,0.8,0.9,840,840.0,0.8546731899891581,0.5166666666666667
NC,ordering,as_is,lookup_supported,published,0.9,1.0,15851,15851.0,0.9910576335376509,0.5366853826257019
NC,ordering,as_is,lookup_unsupported,published,0.5,0.6,43,43.0,0.5558912019396938,0.3953488372093023
NC,ordering,as_is,lookup_unsupported,published,0.6,0.7,49,49.0,0.6478579238969453,0.5510204081632653
NC,ordering,as_is,lookup_unsupported,published,0.7,0.8,71,71.0,0.7511242653282595,0.5633802816901409
NC,ordering,as_is,lookup_unsupported,published,0.8,0.9,94,94.0,0.8570372563727359,0.5
NC,ordering,as_is,lookup_unsupported,published,0.9,1.0,1797,1797.0,0.9908445680148082,0.5175292153589316
NC,ordering,as_is,model_seen,published,0.5,0.6,53,53.0,0.5548553826673975,0.6037735849056604
NC,ordering,as_is,model_seen,published,0.6,0.7,55,55.0,0.6531791535290805,0.5818181818181818
NC,ordering,as_is,model_seen,published,0.7,0.8,66,66.0,0.7513948353854093,0.4393939393939394
NC,ordering,as_is,model_seen,published,0.8,0.9,101,101.0,0.8478491695800631,0.4158415841584158
NC,ordering,as_is,model_seen,published,0.9,1.0,2037,2037.0,0.9915242268867099,0.554246440844379
NC,ordering,as_is,model_unseen,published,0.5,0.6,332,332.0,0.5509560964552753,0.4457831325301205
NC,ordering,as_is,model_unseen,published,0.6,0.7,371,371.0,0.6507386748360173,0.5202156334231806
NC,ordering,as_is,model_unseen,published,0.7,0.8,538,538.0,0.7535452946854346,0.533457249070632
NC,ordering,as_is,model_unseen,published,0.8,0.9,833,833.0,0.8557673656210607,0.5270108043217286
NC,ordering,as_is,model_unseen,published,0.9,1.0,15611,15611.0,0.9909722239292605,0.5321888412017167
NC,ordering,as_is,2,published,0.5,0.6,383,383.0,0.5513025523788313,0.4699738903394256
NC,ordering,as_is,2,published,0.6,0.7,422,422.0,0.6512852042772194,0.523696682464455
NC,ordering,as_is,2,published,0.7,0.8,598,598.0,0.7531325306780761,0.5217391304347826
NC,ordering,as_is,2,published,0.8,0.9,923,923.0,0.854935201766819,0.5135427952329361
NC,ordering,as_is,2,published,0.9,1.0,17515,17515.0,0.9910437899829658,0.5343419925777905
NC,ordering,as_is,3+,published,0.5,0.6,2,2.0,0.5879408717155457,0.0
NC,ordering,as_is,3+,published,0.6,0.7,4,4.0,0.6266364008188248,1.0
NC,ordering,as_is,3+,published,0.7,0.8,6,6.0,0.7710290551185608,0.6666666666666666
NC,ordering,as_is,3+,published,0.8,0.9,11,11.0,0.8528900417414579,0.6363636363636364
NC,ordering,as_is,3+,published,0.9,1.0,133,133.0,0.9900019276411014,0.5864661654135338
NC,ordering,as_is,all,fixed_inference,0.5,0.6,117,117.0,0.548511130687518,0.5811965811965812
NC,ordering,as_is,all,fixed_inference,0.6,0.7,142,142.0,0.648446585091067,0.7464788732394366
NC,ordering,as_is,all,fixed_inference,0.7,0.8,183,183.0,0.7514124945864651,0.8469945355191257
NC,ordering,as_is,all,fixed_inference,0.8,0.9,304,304.0,0.8563481420278549,0.868421052631579
NC,ordering,as_is,all,fixed_inference,0.9,1.0,19251,19251.0,0.9970861771844727,0.991636798088411
NC,ordering,as_is,lookup_supported,fixed_inference,0.5,0.6,116,116.0,0.5485180652347105,0.5862068965517241
NC,ordering,as_is,lookup_supported,fixed_inference,0.6,0.7,136,136.0,0.6489152224624858,0.7573529411764706
NC,ordering,as_is,lookup_supported,fixed_inference,0.7,0.8,179,179.0,0.7513536391311517,0.8547486033519553
NC,ordering,as_is,lookup_supported,fixed_inference,0.8,0.9,293,293.0,0.8562136101234488,0.8839590443686007
NC,ordering,as_is,lookup_supported,fixed_inference,0.9,1.0,17219,17219.0,0.996875527092815,0.9933794064695975
NC,ordering,as_is,lookup_unsupported,fixed_inference,0.5,0.6,1,1.0,0.5477067232131958,0.0
NC,ordering,as_is,lookup_unsupported,fixed_inference,0.6,0.7,6,6.0,0.6378241380055746,0.5
NC,ordering,as_is,lookup_unsupported,fixed_inference,0.7,0.8,4,4.0,0.7540462762117386,0.5
NC,ordering,as_is,lookup_unsupported,fixed_inference,0.8,0.9,11,11.0,0.8599315827543085,0.45454545454545453
NC,ordering,as_is,lookup_unsupported,fixed_inference,0.9,1.0,2032,2032.0,0.9988712086452274,0.9768700787401575
NC,ordering,as_is,model_seen,fixed_inference,0.5,0.6,20,20.0,0.5444553852081299,0.8
NC,ordering,as_is,model_seen,fixed_inference,0.6,0.7,26,26.0,0.6562776129979354,0.8461538461538461
NC,ordering,as_is,model_seen,fixed_inference,0.7,0.8,46,46.0,0.7556290950464166,0.9565217391304348
NC,ordering,as_is,model_seen,fixed_inference,0.8,0.9,58,58.0,0.8630529919575001,1.0
NC,ordering,as_is,model_seen,fixed_inference,0.9,1.0,2162,2162.0,0.9954838556729457,1.0
NC,ordering,as_is,model_unseen,fixed_inference,0.5,0.6,97,97.0,0.5493473668688351,0.5360824742268041
NC,ordering,as_is,model_unseen,fixed_inference,0.6,0.7,116,116.0,0.6466913546981483,0.7241379310344828
NC,ordering,as_is,model_unseen,fixed_inference,0.7,0.8,137,137.0,0.749996701731299,0.8102189781021898
NC,ordering,as_is,model_unseen,fixed_inference,0.8,0.9,246,246.0,0.8547673237517597,0.8373983739837398
NC,ordering,as_is,model_unseen,fixed_inference,0.9,1.0,17089,17089.0,0.9972888934995245,0.990578734858681
NC,ordering,as_is,2,fixed_inference,0.5,0.6,117,117.0,0.548511130687518,0.5811965811965812
NC,ordering,as_is,2,fixed_inference,0.6,0.7,142,142.0,0.648446585091067,0.7464788732394366
NC,ordering,as_is,2,fixed_inference,0.7,0.8,183,183.0,0.7514124945864651,0.8469945355191257
NC,ordering,as_is,2,fixed_inference,0.8,0.9,304,304.0,0.8563481420278549,0.868421052631579
NC,ordering,as_is,2,fixed_inference,0.9,1.0,19095,19095.0,0.9970739277066533,0.9916208431526577
NC,ordering,as_is,3+,fixed_inference,0.9,1.0,156,156.0,0.9985855603829409,0.9935897435897436
NC,ordering,as_is,all,retrained,0.5,0.6,348,348.0,0.5496516571990375,0.5603448275862069
NC,ordering,as_is,all,retrained,0.6,0.7,360,360.0,0.6487304250399272,0.5916666666666667
NC,ordering,as_is,all,retrained,0.7,0.8,498,498.0,0.7548285198498921,0.7409638554216867
NC,ordering,as_is,all,retrained,0.8,0.9,902,902.0,0.8556166064580634,0.8592017738359202
NC,ordering,as_is,all,retrained,0.9,1.0,17889,17889.0,0.9905184507070123,0.9890994465872883
NC,ordering,as_is,lookup_supported,retrained,0.5,0.6,292,292.0,0.5503565358789,0.5582191780821918
NC,ordering,as_is,lookup_supported,retrained,0.6,0.7,299,299.0,0.6479892804471147,0.6086956521739131
NC,ordering,as_is,lookup_supported,retrained,0.7,0.8,444,444.0,0.7547113993414888,0.7454954954954955
NC,ordering,as_is,lookup_supported,retrained,0.8,0.9,807,807.0,0.8555813657011389,0.862453531598513
NC,ordering,as_is,lookup_supported,retrained,0.9,1.0,16101,16101.0,0.9905315581097173,0.9898764051922241
NC,ordering,as_is,lookup_unsupported,retrained,0.5,0.6,56,56.0,0.5459762183683259,0.5714285714285714
NC,ordering,as_is,lookup_unsupported,retrained,0.6,0.7,61,61.0,0.6523632485358442,0.5081967213114754
NC,ordering,as_is,lookup_unsupported,retrained,0.7,0.8,54,54.0,0.7557915106967643,0.7037037037037037
NC,ordering,as_is,lookup_unsupported,retrained,0.8,0.9,95,95.0,0.8559159674142537,0.8315789473684211
NC,ordering,as_is,lookup_unsupported,retrained,0.9,1.0,1788,1788.0,0.9904004181058081,0.9821029082774049
NC,ordering,as_is,model_seen,retrained,0.5,0.6,7,7.0,0.5552575843674796,0.5714285714285714
NC,ordering,as_is,model_seen,retrained,0.6,0.7,6,6.0,0.6549746692180634,1.0
NC,ordering,as_is,model_seen,retrained,0.7,0.8,15,15.0,0.7592240810394287,0.8666666666666667
NC,ordering,as_is,model_seen,retrained,0.8,0.9,24,24.0,0.853917362789313,0.9166666666666666
NC,ordering,as_is,model_seen,retrained,0.9,1.0,2260,2260.0,0.9956084538877538,0.9969026548672566
NC,ordering,as_is,model_unseen,retrained,0.5,0.6,341,341.0,0.5495365795152278,0.5601173020527859
NC,ordering,as_is,model_unseen,retrained,0.6,0.7,354,354.0,0.6486245903928402,0.5847457627118644
NC,ordering,as_is,model_unseen,retrained,0.7,0.8,483,483.0,0.7546920117384158,0.7370600414078675
NC,ordering,as_is,model_unseen,retrained,0.8,0.9,878,878.0,0.8556630550321522,0.857630979498861
NC,ordering,as_is,model_unseen,retrained,0.9,1.0,15629,15629.0,0.9897824210705367,0.9879710794036727
NC,ordering,as_is,2,retrained,0.5,0.6,342,342.0,0.5496392767680319,0.5614035087719298
NC,ordering,as_is,2,retrained,0.6,0.7,356,356.0,0.6489326359515779,0.5926966292134831
NC,ordering,as_is,2,retrained,0.7,0.8,497,497.0,0.7547446736387564,0.7404426559356136
NC,ordering,as_is,2,retrained,0.8,0.9,894,894.0,0.8557372623908707,0.8579418344519015
NC,ordering,as_is,2,retrained,0.9,1.0,17752,17752.0,0.9905284041553104,0.9890716538981523
NC,ordering,as_is,3+,retrained,0.5,0.6,6,6.0,0.5503573417663574,0.5
NC,ordering,as_is,3+,retrained,0.6,0.7,4,4.0,0.6307336539030075,0.5
NC,ordering,as_is,3+,retrained,0.7,0.8,1,1.0,0.7965000867843628,1.0
NC,ordering,as_is,3+,retrained,0.8,0.9,8,8.0,0.8421333059668541,1.0
NC,ordering,as_is,3+,retrained,0.9,1.0,137,137.0,0.9892287162968713,0.9927007299270073
NC,ordering,as_is,all,frequency,0.5,0.6,969,969.0,0.5057700556862389,0.5294117647058824
NC,ordering,as_is,all,frequency,0.6,0.7,146,146.0,0.6491981484976752,0.6712328767123288
NC,ordering,as_is,all,frequency,0.7,0.8,173,173.0,0.7523481203358536,0.791907514450867
NC,ordering,as_is,all,frequency,0.8,0.9,261,261.0,0.8579043818957295,0.8620689655172413
NC,ordering,as_is,all,frequency,0.9,1.0,18448,18448.0,0.9973823108137679,0.8913161318300087
NC,ordering,as_is,lookup_supported,frequency,0.5,0.6,875,875.0,0.5027170149777862,0.5234285714285715
NC,ordering,as_is,lookup_supported,frequency,0.6,0.7,82,82.0,0.6451873562009293,0.7073170731707317
NC,ordering,as_is,lookup_supported,frequency,0.7,0.8,91,91.0,0.751392825698334,0.8021978021978022
NC,ordering,as_is,lookup_supported,frequency,0.8,0.9,149,149.0,0.8573587076228544,0.8523489932885906
NC,ordering,as_is,lookup_supported,frequency,0.9,1.0,16746,16746.0,0.9981263851125588,0.8846888809267884
NC,ordering,as_is,lookup_unsupported,frequency,0.5,0.6,94,94.0,0.5341893176000284,0.5851063829787234
NC,ordering,as_is,lookup_unsupported,frequency,0.6,0.7,64,64.0,0.6543369761278808,0.625
NC,ordering,as_is,lookup_unsupported,frequency,0.7,0.8,82,82.0,0.7534082643848081,0.7804878048780488
NC,ordering,as_is,lookup_unsupported,frequency,0.8,0.9,112,112.0,0.8586303235623223,0.875
NC,ordering,as_is,lookup_unsupported,frequency,0.9,1.0,1702,1702.0,0.9900613541700826,0.9565217391304348
NC,ordering,as_is,model_seen,frequency,0.5,0.6,7,7.0,0.5387527659047439,0.7142857142857143
NC,ordering,as_is,model_seen,frequency,0.6,0.7,7,7.0,0.6509966971832707,0.8571428571428571
NC,ordering,as_is,model_seen,frequency,0.7,0.8,9,9.0,0.7612575041480878,0.7777777777777778
NC,ordering,as_is,model_seen,frequency,0.8,0.9,16,16.0,0.8582239772008473,0.875
NC,ordering,as_is,model_seen,frequency,0.9,1.0,2273,2273.0,0.998038407185927,0.9964804223493181
NC,ordering,as_is,model_unseen,frequency,0.5,0.6,962,962.0,0.5055300567553351,0.5280665280665281
NC,ordering,as_is,model_unseen,frequency,0.6,0.7,139,139.0,0.6491075741034366,0.6618705035971223
NC,ordering,as_is,model_unseen,frequency,0.7,0.8,164,164.0,0.7518591907364018,0.7926829268292683
NC,ordering,as_is,model_unseen,frequency,0.8,0.9,245,245.0,0.8578835103655993,0.8612244897959184
NC,ordering,as_is,model_unseen,frequency,0.9,1.0,16175,16175.0,0.9972901125415009,0.8765378670788253
NC,ordering,as_is,2,frequency,0.5,0.6,960,960.0,0.5058241499582975,0.5291666666666667
NC,ordering,as_is,2,frequency,0.6,0.7,143,143.0,0.6497187143448139,0.6713286713286714
NC,ordering,as_is,2,frequency,0.7,0.8,171,171.0,0.751898355624032,0.7894736842105263
NC,ordering,as_is,2,frequency,0.8,0.9,258,258.0,0.8580498095775597,0.8643410852713178
NC,ordering,as_is,2,frequency,0.9,1.0,18309,18309.0,0.9973786269809621,0.8912556666120487
NC,ordering,as_is,3+,frequency,0.5,0.6,9,9.0,0.5,0.5555555555555556
NC,ordering,as_is,3+,frequency,0.6,0.7,3,3.0,0.6243845097840661,0.6666666666666666
NC,ordering,as_is,3+,frequency,0.7,0.8,2,2.0,0.7908030031966264,1.0
NC,ordering,as_is,3+,frequency,0.8,0.9,3,3.0,0.8453976012583194,0.6666666666666666
NC,ordering,as_is,3+,frequency,0.9,1.0,139,139.0,0.9978675431507421,0.8992805755395683
NC,ordering,as_is,all,majority,0.5,0.6,19997,19997.0,0.5000012500968826,0.5000250037505626
NC,ordering,as_is,lookup_supported,majority,0.5,0.6,17943,17943.0,0.5000012500968826,0.5019227553920749
NC,ordering,as_is,lookup_unsupported,majority,0.5,0.6,2054,2054.0,0.5000012500968827,0.4834469328140214
NC,ordering,as_is,model_seen,majority,0.5,0.6,2312,2312.0,0.5000012500968826,0.5069204152249135
NC,ordering,as_is,model_unseen,majority,0.5,0.6,17685,17685.0,0.5000012500968825,0.499123551031948
NC,ordering,as_is,2,majority,0.5,0.6,19841,19841.0,0.5000012500968826,0.49972279623002874
NC,ordering,as_is,3+,majority,0.5,0.6,156,156.0,0.5000012500968825,0.5384615384615384
NC,ordering,lowercased,all,published,0.5,0.6,166,166.0,0.5538735748773598,0.5602409638554217
NC,ordering,lowercased,all,published,0.6,0.7,200,200.0,0.6528973960876465,0.515
NC,ordering,lowercased,all,published,0.7,0.8,259,259.0,0.7505010838214035,0.5868725868725869
NC,ordering,lowercased,all,published,0.8,0.9,413,413.0,0.8553418056728187,0.5980629539951574
NC,ordering,lowercased,all,published,0.9,1.0,18959,18959.0,0.9955209155702422,0.9272113508096419
NC,ordering,lowercased,lookup_supported,published,0.5,0.6,153,153.0,0.5532234174753327,0.5751633986928104
NC,ordering,lowercased,lookup_supported,published,0.6,0.7,179,179.0,0.6533143603601935,0.5139664804469274
NC,ordering,lowercased,lookup_supported,published,0.7,0.8,232,232.0,0.749237563332607,0.6077586206896551
NC,ordering,lowercased,lookup_supported,published,0.8,0.9,376,376.0,0.8553846877940158,0.6090425531914894
NC,ordering,lowercased,lookup_supported,published,0.9,1.0,17003,17003.0,0.9954018041448566,0.9264835617244016
NC,ordering,lowercased,lookup_unsupported,published,0.5,0.6,13,13.0,0.5615254273781409,0.38461538461538464
NC,ordering,lowercased,lookup_unsupported,published,0.6,0.7,21,21.0,0.6493432720502218,0.5238095238095238
NC,ordering,lowercased,lookup_unsupported,published,0.7,0.8,27,27.0,0.7613580006140249,0.4074074074074074
NC,ordering,lowercased,lookup_unsupported,published,0.8,0.9,37,37.0,0.8549060306033572,0.4864864864864865
NC,ordering,lowercased,lookup_unsupported,published,0.9,1.0,1956,1956.0,0.9965563202562507,0.9335378323108384
NC,ordering,lowercased,model_seen,published,0.5,0.6,22,22.0,0.5424461744048379,0.5
NC,ordering,lowercased,model_seen,published,0.6,0.7,23,23.0,0.6519487837086553,0.4782608695652174
NC,ordering,lowercased,model_seen,published,0.7,0.8,30,30.0,0.7436366637547811,0.7
NC,ordering,lowercased,model_seen,published,0.8,0.9,49,49.0,0.8539342077410951,0.5918367346938775
NC,ordering,lowercased,model_seen,published,0.9,1.0,2188,2188.0,0.9948013722351744,0.9373857404021938
NC,ordering,lowercased,model_unseen,published,0.5,0.6,144,144.0,0.5556194277273284,0.5694444444444444
NC,ordering,lowercased,model_unseen,published,0.6,0.7,177,177.0,0.6530206621029956,0.519774011299435
NC,ordering,lowercased,model_unseen,published,0.7,0.8,229,229.0,0.7514003528257645,0.5720524017467249
NC,ordering,lowercased,model_unseen,published,0.8,0.9,364,364.0,0.8555312900097816,0.5989010989010989
NC,ordering,lowercased,model_unseen,published,0.9,1.0,16771,16771.0,0.9956147895680437,0.9258839663705205
NC,ordering,lowercased,2,published,0.5,0.6,165,165.0,0.5540650002884142,0.5575757575757576
NC,ordering,lowercased,2,published,0.6,0.7,200,200.0,0.6528973960876465,0.515
NC,ordering,lowercased,2,published,0.7,0.8,257,257.0,0.7504350445613787,0.5836575875486382
NC,ordering,lowercased,2,published,0.8,0.9,411,411.0,0.855207144633987,0.5961070559610706
NC,ordering,lowercased,2,published,0.9,1.0,18808,18808.0,0.9955295347523456,0.9271586558911101
NC,ordering,lowercased,3+,published,0.5,0.6,1,1.0,0.5222883820533752,1.0
NC,ordering,lowercased,3+,published,0.7,0.8,2,2.0,0.7589871287345886,1.0
NC,ordering,lowercased,3+,published,0.8,0.9,2,2.0,0.8830146491527557,1.0
NC,ordering,lowercased,3+,published,0.9,1.0,151,151.0,0.9944473422126264,0.9337748344370861
NC,ordering,lowercased,all,fixed_inference,0.5,0.6,117,117.0,0.548511130687518,0.5811965811965812
NC,ordering,lowercased,all,fixed_inference,0.6,0.7,142,142.0,0.648446585091067,0.7464788732394366
NC,ordering,lowercased,all,fixed_inference,0.7,0.8,183,183.0,0.7514124945864651,0.8469945355191257
NC,ordering,lowercased,all,fixed_inference,0.8,0.9,304,304.0,0.8563481420278549,0.868421052631579
NC,ordering,lowercased,all,fixed_inference,0.9,1.0,19251,19251.0,0.9970861771844727,0.991636798088411
NC,ordering,lowercased,lookup_supported,fixed_inference,0.5,0.6,116,116.0,0.5485180652347105,0.5862068965517241
NC,ordering,lowercased,lookup_supported,fixed_inference,0.6,0.7,136,136.0,0.6489152224624858,0.7573529411764706
NC,ordering,lowercased,lookup_supported,fixed_inference,0.7,0.8,179,179.0,0.7513536391311517,0.8547486033519553
NC,ordering,lowercased,lookup_supported,fixed_inference,0.8,0.9,293,293.0,0.8562136101234488,0.8839590443686007
NC,ordering,lowercased,lookup_supported,fixed_inference,0.9,1.0,17219,17219.0,0.996875527092815,0.9933794064695975
NC,ordering,lowercased,lookup_unsupported,fixed_inference,0.5,0.6,1,1.0,0.5477067232131958,0.0
NC,ordering,lowercased,lookup_unsupported,fixed_inference,0.6,0.7,6,6.0,0.6378241380055746,0.5
NC,ordering,lowercased,lookup_unsupported,fixed_inference,0.7,0.8,4,4.0,0.7540462762117386,0.5
NC,ordering,lowercased,lookup_unsupported,fixed_inference,0.8,0.9,11,11.0,0.8599315827543085,0.45454545454545453
NC,ordering,lowercased,lookup_unsupported,fixed_inference,0.9,1.0,2032,2032.0,0.9988712086452274,0.9768700787401575
NC,ordering,lowercased,model_seen,fixed_inference,0.5,0.6,20,20.0,0.5444553852081299,0.8
NC,ordering,lowercased,model_seen,fixed_inference,0.6,0.7,26,26.0,0.6562776129979354,0.8461538461538461
NC,ordering,lowercased,model_seen,fixed_inference,0.7,0.8,46,46.0,0.7556290950464166,0.9565217391304348
NC,ordering,lowercased,model_seen,fixed_inference,0.8,0.9,58,58.0,0.8630529919575001,1.0
NC,ordering,lowercased,model_seen,fixed_inference,0.9,1.0,2162,2162.0,0.9954838556729457,1.0
NC,ordering,lowercased,model_unseen,fixed_inference,0.5,0.6,97,97.0,0.5493473668688351,0.5360824742268041
NC,ordering,lowercased,model_unseen,fixed_inference,0.6,0.7,116,116.0,0.6466913546981483,0.7241379310344828
NC,ordering,lowercased,model_unseen,fixed_inference,0.7,0.8,137,137.0,0.749996701731299,0.8102189781021898
NC,ordering,lowercased,model_unseen,fixed_inference,0.8,0.9,246,246.0,0.8547673237517597,0.8373983739837398
NC,ordering,lowercased,model_unseen,fixed_inference,0.9,1.0,17089,17089.0,0.9972888934995245,0.990578734858681
NC,ordering,lowercased,2,fixed_inference,0.5,0.6,117,117.0,0.548511130687518,0.5811965811965812
NC,ordering,lowercased,2,fixed_inference,0.6,0.7,142,142.0,0.648446585091067,0.7464788732394366
NC,ordering,lowercased,2,fixed_inference,0.7,0.8,183,183.0,0.7514124945864651,0.8469945355191257
NC,ordering,lowercased,2,fixed_inference,0.8,0.9,304,304.0,0.8563481420278549,0.868421052631579
NC,ordering,lowercased,2,fixed_inference,0.9,1.0,19095,19095.0,0.9970739277066533,0.9916208431526577
NC,ordering,lowercased,3+,fixed_inference,0.9,1.0,156,156.0,0.9985855603829409,0.9935897435897436
NC,ordering,lowercased,all,retrained,0.5,0.6,348,348.0,0.5496516571990375,0.5603448275862069
NC,ordering,lowercased,all,retrained,0.6,0.7,360,360.0,0.6487304250399272,0.5916666666666667
NC,ordering,lowercased,all,retrained,0.7,0.8,498,498.0,0.7548285198498921,0.7409638554216867
NC,ordering,lowercased,all,retrained,0.8,0.9,902,902.0,0.8556166064580634,0.8592017738359202
NC,ordering,lowercased,all,retrained,0.9,1.0,17889,17889.0,0.9905184507070123,0.9890994465872883
NC,ordering,lowercased,lookup_supported,retrained,0.5,0.6,292,292.0,0.5503565358789,0.5582191780821918
NC,ordering,lowercased,lookup_supported,retrained,0.6,0.7,299,299.0,0.6479892804471147,0.6086956521739131
NC,ordering,lowercased,lookup_supported,retrained,0.7,0.8,444,444.0,0.7547113993414888,0.7454954954954955
NC,ordering,lowercased,lookup_supported,retrained,0.8,0.9,807,807.0,0.8555813657011389,0.862453531598513
NC,ordering,lowercased,lookup_supported,retrained,0.9,1.0,16101,16101.0,0.9905315581097173,0.9898764051922241
NC,ordering,lowercased,lookup_unsupported,retrained,0.5,0.6,56,56.0,0.5459762183683259,0.5714285714285714
NC,ordering,lowercased,lookup_unsupported,retrained,0.6,0.7,61,61.0,0.6523632485358442,0.5081967213114754
NC,ordering,lowercased,lookup_unsupported,retrained,0.7,0.8,54,54.0,0.7557915106967643,0.7037037037037037
NC,ordering,lowercased,lookup_unsupported,retrained,0.8,0.9,95,95.0,0.8559159674142537,0.8315789473684211
NC,ordering,lowercased,lookup_unsupported,retrained,0.9,1.0,1788,1788.0,0.9904004181058081,0.9821029082774049
NC,ordering,lowercased,model_seen,retrained,0.5,0.6,7,7.0,0.5552575843674796,0.5714285714285714
NC,ordering,lowercased,model_seen,retrained,0.6,0.7,6,6.0,0.6549746692180634,1.0
NC,ordering,lowercased,model_seen,retrained,0.7,0.8,15,15.0,0.7592240810394287,0.8666666666666667
NC,ordering,lowercased,model_seen,retrained,0.8,0.9,24,24.0,0.853917362789313,0.9166666666666666
NC,ordering,lowercased,model_seen,retrained,0.9,1.0,2260,2260.0,0.9956084538877538,0.9969026548672566
NC,ordering,lowercased,model_unseen,retrained,0.5,0.6,341,341.0,0.5495365795152278,0.5601173020527859
NC,ordering,lowercased,model_unseen,retrained,0.6,0.7,354,354.0,0.6486245903928402,0.5847457627118644
NC,ordering,lowercased,model_unseen,retrained,0.7,0.8,483,483.0,0.7546920117384158,0.7370600414078675
NC,ordering,lowercased,model_unseen,retrained,0.8,0.9,878,878.0,0.8556630550321522,0.857630979498861
NC,ordering,lowercased,model_unseen,retrained,0.9,1.0,15629,15629.0,0.9897824210705367,0.9879710794036727
NC,ordering,lowercased,2,retrained,0.5,0.6,342,342.0,0.5496392767680319,0.5614035087719298
NC,ordering,lowercased,2,retrained,0.6,0.7,356,356.0,0.6489326359515779,0.5926966292134831
NC,ordering,lowercased,2,retrained,0.7,0.8,497,497.0,0.7547446736387564,0.7404426559356136
NC,ordering,lowercased,2,retrained,0.8,0.9,894,894.0,0.8557372623908707,0.8579418344519015
NC,ordering,lowercased,2,retrained,0.9,1.0,17752,17752.0,0.9905284041553104,0.9890716538981523
NC,ordering,lowercased,3+,retrained,0.5,0.6,6,6.0,0.5503573417663574,0.5
NC,ordering,lowercased,3+,retrained,0.6,0.7,4,4.0,0.6307336539030075,0.5
NC,ordering,lowercased,3+,retrained,0.7,0.8,1,1.0,0.7965000867843628,1.0
NC,ordering,lowercased,3+,retrained,0.8,0.9,8,8.0,0.8421333059668541,1.0
NC,ordering,lowercased,3+,retrained,0.9,1.0,137,137.0,0.9892287162968713,0.9927007299270073
NC,ordering,lowercased,all,frequency,0.5,0.6,969,969.0,0.5057700556862389,0.5294117647058824
NC,ordering,lowercased,all,frequency,0.6,0.7,146,146.0,0.6491981484976752,0.6712328767123288
NC,ordering,lowercased,all,frequency,0.7,0.8,173,173.0,0.7523481203358536,0.791907514450867
NC,ordering,lowercased,all,frequency,0.8,0.9,261,261.0,0.8579043818957295,0.8620689655172413
NC,ordering,lowercased,all,frequency,0.9,1.0,18448,18448.0,0.9973823108137679,0.8913161318300087
NC,ordering,lowercased,lookup_supported,frequency,0.5,0.6,875,875.0,0.5027170149777862,0.5234285714285715
NC,ordering,lowercased,lookup_supported,frequency,0.6,0.7,82,82.0,0.6451873562009293,0.7073170731707317
NC,ordering,lowercased,lookup_supported,frequency,0.7,0.8,91,91.0,0.751392825698334,0.8021978021978022
NC,ordering,lowercased,lookup_supported,frequency,0.8,0.9,149,149.0,0.8573587076228544,0.8523489932885906
NC,ordering,lowercased,lookup_supported,frequency,0.9,1.0,16746,16746.0,0.9981263851125588,0.8846888809267884
NC,ordering,lowercased,lookup_unsupported,frequency,0.5,0.6,94,94.0,0.5341893176000284,0.5851063829787234
NC,ordering,lowercased,lookup_unsupported,frequency,0.6,0.7,64,64.0,0.6543369761278808,0.625
NC,ordering,lowercased,lookup_unsupported,frequency,0.7,0.8,82,82.0,0.7534082643848081,0.7804878048780488
NC,ordering,lowercased,lookup_unsupported,frequency,0.8,0.9,112,112.0,0.8586303235623223,0.875
NC,ordering,lowercased,lookup_unsupported,frequency,0.9,1.0,1702,1702.0,0.9900613541700826,0.9565217391304348
NC,ordering,lowercased,model_seen,frequency,0.5,0.6,7,7.0,0.5387527659047439,0.7142857142857143
NC,ordering,lowercased,model_seen,frequency,0.6,0.7,7,7.0,0.6509966971832707,0.8571428571428571
NC,ordering,lowercased,model_seen,frequency,0.7,0.8,9,9.0,0.7612575041480878,0.7777777777777778
NC,ordering,lowercased,model_seen,frequency,0.8,0.9,16,16.0,0.8582239772008473,0.875
NC,ordering,lowercased,model_seen,frequency,0.9,1.0,2273,2273.0,0.998038407185927,0.9964804223493181
NC,ordering,lowercased,model_unseen,frequency,0.5,0.6,962,962.0,0.5055300567553351,0.5280665280665281
NC,ordering,lowercased,model_unseen,frequency,0.6,0.7,139,139.0,0.6491075741034366,0.6618705035971223
NC,ordering,lowercased,model_unseen,frequency,0.7,0.8,164,164.0,0.7518591907364018,0.7926829268292683
NC,ordering,lowercased,model_unseen,frequency,0.8,0.9,245,245.0,0.8578835103655993,0.8612244897959184
NC,ordering,lowercased,model_unseen,frequency,0.9,1.0,16175,16175.0,0.9972901125415009,0.8765378670788253
NC,ordering,lowercased,2,frequency,0.5,0.6,960,960.0,0.5058241499582975,0.5291666666666667
NC,ordering,lowercased,2,frequency,0.6,0.7,143,143.0,0.6497187143448139,0.6713286713286714
NC,ordering,lowercased,2,frequency,0.7,0.8,171,171.0,0.751898355624032,0.7894736842105263
NC,ordering,lowercased,2,frequency,0.8,0.9,258,258.0,0.8580498095775597,0.8643410852713178
NC,ordering,lowercased,2,frequency,0.9,1.0,18309,18309.0,0.9973786269809621,0.8912556666120487
NC,ordering,lowercased,3+,frequency,0.5,0.6,9,9.0,0.5,0.5555555555555556
NC,ordering,lowercased,3+,frequency,0.6,0.7,3,3.0,0.6243845097840661,0.6666666666666666
NC,ordering,lowercased,3+,frequency,0.7,0.8,2,2.0,0.7908030031966264,1.0
NC,ordering,lowercased,3+,frequency,0.8,0.9,3,3.0,0.8453976012583194,0.6666666666666666
NC,ordering,lowercased,3+,frequency,0.9,1.0,139,139.0,0.9978675431507421,0.8992805755395683
NC,ordering,lowercased,all,majority,0.5,0.6,19997,19997.0,0.5000012500968826,0.5000250037505626
NC,ordering,lowercased,lookup_supported,majority,0.5,0.6,17943,17943.0,0.5000012500968826,0.5019227553920749
NC,ordering,lowercased,lookup_unsupported,majority,0.5,0.6,2054,2054.0,0.5000012500968827,0.4834469328140214
NC,ordering,lowercased,model_seen,majority,0.5,0.6,2312,2312.0,0.5000012500968826,0.5069204152249135
NC,ordering,lowercased,model_unseen,majority,0.5,0.6,17685,17685.0,0.5000012500968825,0.499123551031948
NC,ordering,lowercased,2,majority,0.5,0.6,19841,19841.0,0.5000012500968826,0.49972279623002874
NC,ordering,lowercased,3+,majority,0.5,0.6,156,156.0,0.5000012500968825,0.5384615384615384
